Id,Year_Birth,Education,Marital_Status,Income,MntFruits,MntMeatProducts,MntFishProducts,MntSweetProducts
1826,1970,Graduation,Divorced,84835,104,379,111,189
1,1961,Graduation,Single,57091,5,64,7,0
10476,1958,Graduation,Married,67267,11,59,15,2
1386,1967,Graduation,Together,32474,0,1,0,0
5371,1989,Graduation,Single,21474,16,24,11,0
7348,1958,PhD,Single,71691,130,411,240,32
4073,1954,2n Cycle,Married,63564,80,252,15,34
1991,1967,Graduation,Together,44931,0,11,0,0
4047,1954,PhD,Married,65324,0,102,21,32
9477,1954,PhD,Married,65324,0,102,21,32
2079,1947,2n Cycle,Married,81044,26,535,73,98
5642,1979,Master,Together,62499,4,61,0,13
10530,1959,PhD,Widow,67786,82,441,80,20
2964,1981,Graduation,Married,26872,10,8,3,16
10311,1969,Graduation,Married,4428,4,12,2,4
837,1977,Graduation,Married,54809,6,57,13,13
10521,1977,Graduation,Married,54809,6,57,13,13
10175,1958,PhD,Divorced,32173,0,2,0,0
1473,1960,2n Cycle,Single,47823,1,5,2,1
2795,1958,Master,Single,30523,0,3,0,0
2285,1954,Master,Together,36634,9,76,4,3
115,1966,Master,Single,43456,11,68,25,7
10470,1979,Master,Married,40662,2,23,0,4
4065,1976,PhD,Married,49544,0,73,0,0
10968,1969,Graduation,Single,57731,21,300,65,8
5985,1965,Master,Single,33168,1,37,0,1
5430,1956,Graduation,Together,54450,0,171,8,19
8432,1956,Graduation,Together,54450,0,171,8,19
453,1956,PhD,Widow,35340,0,12,0,1
9687,1975,Graduation,Single,73170,174,256,50,30
8890,1971,PhD,Divorced,65808,7,80,13,7
9264,1986,Graduation,Married,79529,42,706,73,197
5824,1972,PhD,Together,34578,0,1,0,0
5794,1974,PhD,Married,46374,0,21,0,0
3068,1990,Graduation,Married,18351,12,9,0,14
7962,1987,PhD,Single,95169,21,449,106,20
2681,1984,2n Cycle,Married,65370,22,112,138,89
10141,1960,Master,Divorced,39228,1,6,0,3
3725,1961,PhD,Single,84865,16,349,43,16
3767,1968,Graduation,Married,61314,0,189,97,172
5585,1972,Graduation,Single,21359,2,17,6,1
7030,1955,PhD,Married,66465,0,204,38,29
1524,1983,2n Cycle,Single,81698,45,115,30,160
3657,1986,Graduation,Single,39146,1,33,13,12
5740,1970,2n Cycle,Divorced,25959,2,12,7,5
9595,1961,Graduation,Together,64260,169,816,20,0
3158,1973,Graduation,Married,32300,3,6,6,5
5114,1965,Master,Married,74806,9,249,0,28
340,1970,Graduation,Divorced,72967,35,179,0,0
8805,1960,Graduation,Single,48904,10,38,0,13
1241,1984,2n Cycle,Married,14796,3,8,7,4
1402,1954,Master,Married,66991,36,460,189,60
7264,1978,2n Cycle,Single,52195,0,4,0,0
1619,1956,Graduation,Married,90369,51,981,224,23
6398,1974,Basic,Married,18393,10,13,16,0
1857,1952,Graduation,Single,47139,0,12,0,2
4877,1973,Master,Married,38576,0,7,0,0
3066,1975,PhD,Together,61905,0,43,6,2
10286,1962,Graduation,Married,83715,8,407,150,35
1992,1964,Graduation,Married,60597,0,257,32,16
4246,1982,Master,Single,6560,11,26,4,3
10623,1961,Master,Together,48330,0,4,0,0
4867,1968,PhD,Single,38236,0,18,2,0
3112,1977,Master,Married,22701,4,9,0,4
4865,1974,Master,Divorced,53367,7,140,10,3
6287,1986,Graduation,Together,34728,0,16,0,0
4405,1956,Master,Married,63915,7,115,30,0
5332,1960,2n Cycle,Married,82504,50,431,134,35
1519,1972,PhD,Single,38578,4,22,3,3
9080,1972,PhD,Single,38578,4,22,3,3
1772,1975,PhD,Married,79174,37,518,193,92
5341,1962,2n Cycle,Divorced,81975,76,184,180,138
5510,1977,Master,Married,43263,6,61,0,10
3887,1970,Graduation,Single,27242,17,26,20,1
7022,1971,Graduation,Married,76445,107,309,140,80
9999,1965,Graduation,Together,75276,105,125,137,42
10352,1963,Graduation,Widow,34213,4,28,6,3
7919,1976,PhD,Together,72335,105,653,28,21
4114,1964,Master,Married,79143,37,780,27,167
7990,1947,Graduation,Married,27469,1,2,3,2
9888,1969,Graduation,Together,68695,81,356,106,50
4399,1969,Graduation,Together,68695,81,356,106,50
4452,1957,Graduation,Single,50388,6,37,0,3
4785,1970,PhD,Together,77622,7,154,19,0
8461,1962,Graduation,Divorced,46102,0,1,0,0
3878,1980,2n Cycle,Single,31859,4,7,15,8
9612,1987,2n Cycle,Single,23830,8,6,4,8
4098,1973,Graduation,Married,24639,3,16,0,4
158,1945,PhD,Together,71604,53,528,98,75
3896,1984,Graduation,Married,27255,1,11,0,1
9970,1977,Graduation,Together,55375,11,57,10,28
4002,1960,PhD,Married,77037,96,333,168,53
10914,1970,Graduation,Single,24163,1,7,2,1
7279,1969,PhD,Together,69476,86,559,63,9
10582,1979,Graduation,Married,72063,32,348,76,32
4470,1962,Master,Married,58646,1,44,6,5
6183,1962,Master,Married,58646,1,44,6,5
6379,1949,Master,Widow,47570,1,20,0,2
8601,1980,Graduation,Married,80011,76,536,82,178
4827,1956,PhD,Single,54998,22,202,39,30
6715,1948,PhD,Single,60200,19,132,0,6
10676,1982,Graduation,Married,63211,193,459,205,26
1041,1973,PhD,Single,48432,3,50,4,3
492,1973,PhD,YOLO,48432,3,50,4,3
11133,1973,PhD,YOLO,48432,3,50,4,3
4491,1949,Master,Married,62845,0,45,0,0
873,1949,Master,Married,62845,0,45,0,0
1631,1965,PhD,Together,65220,63,292,0,25
8278,1990,PhD,Married,74214,83,547,86,99
6815,1980,2n Cycle,Married,96547,21,125,52,101
254,1955,Graduation,Together,53863,4,30,6,4
1349,1970,Graduation,Married,50447,7,24,2,3
2534,1953,Graduation,Married,37716,1,41,6,2
2130,1982,Graduation,Together,45203,3,67,10,8
2296,1975,Master,Married,37368,2,11,2,2
3799,1955,Graduation,Married,67225,35,322,46,7
11084,1976,Master,Together,65104,0,232,13,20
5172,1976,Master,Together,65104,0,232,13,20
9504,1949,Master,Married,81698,28,520,111,123
850,1968,Graduation,Single,70566,28,215,84,28
4477,1958,Graduation,Together,69096,49,159,7,82
1945,1962,Graduation,Married,71434,36,217,172,96
7685,1978,Graduation,Married,33039,8,12,8,8
6310,1978,Graduation,Married,33039,8,12,8,8
10832,1958,Graduation,Together,46610,10,30,4,10
3025,1958,Graduation,Single,49967,6,69,4,12
2404,1976,Graduation,Married,53359,4,30,3,6
8581,1971,Master,Married,49505,0,100,19,0
8755,1946,Master,Married,68657,34,471,119,68
10177,1954,Graduation,Divorced,72071,69,300,150,138
2429,1954,Graduation,Divorced,72071,69,300,150,138
8920,1967,Master,Single,59235,40,469,80,0
8430,1957,Graduation,Together,21994,0,6,3,1
8619,1957,Graduation,Together,21994,0,6,3,1
8996,1957,PhD,Married,,42,192,49,37
7233,1972,Graduation,Married,69209,32,849,229,48
6678,1989,Graduation,Together,31928,4,24,4,2
830,1987,PhD,Single,74004,48,560,42,176
6365,1987,2n Cycle,Married,30390,12,12,25,1
6770,1985,Graduation,Married,21355,13,14,0,5
2261,1969,Graduation,Married,26304,1,5,2,0
1031,1989,2n Cycle,Married,85710,20,350,29,30
10089,1974,Graduation,Divorced,102692,148,444,32,172
9256,1971,Graduation,Single,58350,26,206,116,80
10641,1978,Graduation,Single,7500,5,4,13,4
624,1984,Master,Single,18890,4,1,7,2
4211,1986,Basic,Married,20425,12,5,3,16
1407,1986,Basic,Married,20425,12,5,3,16
10356,1957,PhD,Divorced,41437,0,2,0,0
9323,1949,Master,Together,49912,8,223,32,49
1146,1949,Master,Together,49912,8,223,32,49
6343,1959,Graduation,Married,79823,73,380,114,73
8545,1954,Graduation,Divorced,85683,17,311,45,69
8275,1965,PhD,Divorced,47025,0,3,0,0
10673,1976,PhD,Married,68397,80,466,17,13
8799,1984,PhD,Married,38175,6,69,2,3
67,1972,Master,Single,46423,0,16,0,0
9923,1972,Master,Single,46423,0,16,0,0
2814,1976,Master,Together,30560,1,5,4,5
2711,1976,Master,Together,30560,1,5,4,5
4320,1979,Graduation,Single,60152,83,300,86,58
10451,1965,Graduation,Together,29672,1,3,0,4
4198,1965,Graduation,Together,29672,1,3,0,4
10814,1947,Graduation,Together,70321,23,751,82,26
944,1962,Graduation,Married,56181,103,69,8,44
8151,1990,Basic,Married,24279,36,21,20,62
6184,1969,PhD,Married,68462,64,785,84,128
3498,1976,PhD,Married,55424,61,184,10,53
2870,1973,Graduation,Married,49094,0,38,11,8
7342,1961,2n Cycle,Widow,59184,142,113,259,151
1911,1987,Graduation,Together,67430,97,291,127,133
10862,1960,Master,Married,30522,8,83,19,11
2546,1977,2n Cycle,Single,31878,4,5,10,5
3005,1992,Graduation,Single,83528,117,678,134,44
8318,1979,Graduation,Together,90300,134,786,33,134
2930,1978,Master,Single,68092,60,207,78,36
8216,1972,Master,Married,53761,0,76,13,7
1212,1973,Graduation,Married,52845,25,292,130,41
2541,1976,Graduation,Married,24027,7,11,11,0
10659,1979,2n Cycle,Together,7500,8,11,3,8
10905,1955,Graduation,Together,42586,2,56,0,0
8910,1955,Graduation,Together,42586,2,56,0,0
7349,1973,Basic,Together,9722,17,16,6,16
7872,1975,PhD,Married,86836,21,273,0,21
4290,1972,Graduation,Married,30467,3,8,2,5
7408,1952,PhD,Married,54549,2,6,0,0
9986,1982,Graduation,Together,19444,0,23,3,2
8235,1956,Master,Together,69245,30,214,80,30
10949,1963,PhD,Divorced,72968,37,592,145,37
7284,1953,Graduation,Married,48686,0,7,2,0
9529,1990,Graduation,Married,73687,153,503,218,13
9930,1944,PhD,Single,82716,148,228,15,148
10270,1981,2n Cycle,Married,35523,5,22,12,5
760,1975,PhD,Divorced,60554,7,76,110,15
5519,1956,Graduation,Together,64090,58,161,76,51
232,1965,Graduation,Single,61559,83,88,32,14
3009,1962,PhD,Widow,71670,16,128,0,0
6518,1951,PhD,Widow,67680,0,48,0,6
10669,1981,Graduation,Married,54386,21,64,62,21
5682,1953,PhD,Single,64108,10,86,13,21
1570,1951,PhD,Together,69702,9,240,50,19
1497,1952,Graduation,Single,47958,11,88,15,3
9723,1960,Graduation,Married,67716,142,217,62,9
7261,1971,Graduation,Together,34600,33,60,8,3
2452,1971,Graduation,Together,34600,33,60,8,3
5621,1969,Graduation,Married,48752,57,100,71,15
10995,1988,2n Cycle,Married,15716,5,30,8,7
7373,1952,PhD,Divorced,46610,12,96,33,22
5331,1977,Graduation,Married,74985,51,898,247,0
263,1945,PhD,Single,45576,19,29,2,14
4619,1945,PhD,Single,113734,2,3,1,262
940,1987,Graduation,Single,57100,11,99,15,11
10084,1972,Graduation,Married,24434,2,8,20,0
6019,1971,PhD,Married,37126,3,9,4,4
1463,1958,Graduation,Single,45160,2,5,3,0
6424,1977,Graduation,Together,33178,6,2,11,2
8233,1950,Master,Widow,64866,5,21,7,5
1515,1975,Master,Together,34176,2,7,4,2
10855,1968,Master,Single,50014,14,77,19,10
10909,1948,Graduation,Married,92344,24,694,51,19
3376,1970,Master,Divorced,55282,6,73,8,4
10232,1963,PhD,Divorced,48799,18,81,28,6
5547,1982,PhD,Married,84169,19,403,0,19
8362,1982,PhD,Married,84169,19,403,0,19
3524,1971,Master,Single,39763,1,60,4,6
10095,1975,PhD,Divorced,74165,12,240,16,12
8897,1965,Graduation,Single,42720,5,91,28,26
466,1944,Graduation,Married,65275,14,218,91,14
11025,1961,Graduation,Married,36443,0,46,4,3
2387,1952,Master,Together,43776,2,71,3,2
1618,1965,Graduation,Together,56046,0,64,0,0
25,1958,Graduation,Married,65148,35,422,33,12
3277,1955,Graduation,Divorced,49431,3,100,26,0
8566,1961,PhD,Together,32583,0,3,0,0
2634,1979,Master,Single,16653,7,31,15,4
8036,1971,2n Cycle,Together,26850,1,13,7,2
8159,1968,Graduation,Married,51287,0,22,13,0
7628,1973,2n Cycle,Married,43050,5,24,6,3
9597,1969,Graduation,Married,73448,106,189,23,41
1384,1992,Basic,Married,17256,4,14,8,8
10150,1961,Graduation,Single,86429,28,873,29,18
3885,1983,PhD,Married,33569,2,18,3,0
11003,1980,2n Cycle,Together,25130,5,7,0,18
8026,1952,Graduation,Married,62998,58,73,65,89
577,1976,2n Cycle,Together,26907,1,7,0,3
8702,1976,2n Cycle,Together,26907,1,7,0,3
5429,1948,PhD,Married,45579,1,33,2,1
977,1957,Graduation,Together,47320,19,111,50,15
2793,1976,PhD,Divorced,70179,88,168,69,44
1071,1976,PhD,Divorced,70179,88,168,69,44
5074,1986,Master,Married,28072,0,10,2,0
2632,1954,Graduation,Married,50501,0,38,13,0
6404,1969,Graduation,Together,58917,7,89,0,7
10240,1949,Graduation,Together,69372,26,269,34,13
2521,1971,Master,Married,35178,1,13,2,2
4301,1971,Master,Married,35178,1,13,2,2
7381,1968,Graduation,Divorced,75693,153,293,72,97
2407,1982,Graduation,Married,69109,25,459,124,29
9064,1982,Graduation,Married,69109,25,459,124,29
5067,1994,Graduation,Together,80134,26,282,52,26
10281,1970,Graduation,Divorced,64713,60,241,13,54
11191,1986,Graduation,Divorced,41411,32,38,11,3
1994,1983,Graduation,Married,,5,6,0,2
2552,1955,PhD,Single,55521,0,26,0,0
6720,1968,Master,Together,43795,11,53,4,3
4557,1970,Graduation,Together,22070,7,19,8,2
1183,1949,Master,Married,36408,1,4,3,2
4186,1950,Graduation,Together,34026,6,15,12,8
1419,1950,Graduation,Together,34026,6,15,12,8
967,1976,Graduation,Married,46049,9,112,19,14
1048,1972,Master,Married,35641,3,67,8,9
9262,1984,2n Cycle,Together,32414,6,5,0,9
3427,1955,PhD,Married,59821,0,70,0,0
5892,1980,Graduation,Married,34968,6,45,8,2
8911,1967,PhD,Married,56320,53,172,116,77
6606,1969,Master,Married,70091,34,137,15,0
2677,1956,Graduation,Together,46097,24,68,65,4
252,1963,PhD,Divorced,41003,133,142,71,44
9860,1959,Graduation,Together,44911,0,22,2,1
1388,1975,Graduation,Single,33249,10,21,19,14
979,1975,Graduation,Single,33249,10,21,19,14
7494,1950,PhD,Divorced,42873,0,40,3,2
10490,1969,PhD,Married,51039,64,79,65,0
3403,1958,PhD,Together,78952,19,594,99,76
2715,1966,Master,Divorced,29435,3,37,4,2
4828,1954,Graduation,Divorced,79865,99,278,185,121
92,1988,Graduation,Alone,34176,7,24,19,14
3312,1988,Graduation,Single,34176,7,24,19,14
11176,1970,PhD,Together,65968,9,83,19,4
1446,1956,Master,Single,86424,68,569,89,45
9699,1966,Graduation,Divorced,67272,35,271,28,28
9790,1957,Graduation,Single,78499,72,170,47,36
2324,1972,Graduation,Together,77044,38,242,50,34
5080,1993,Graduation,Single,70515,0,452,182,64
4992,1975,Master,Together,17459,4,16,3,10
7849,1970,PhD,Married,80336,19,456,160,142
4808,1956,Graduation,Married,15759,2,5,6,0
10401,1976,2n Cycle,Together,26326,0,5,0,3
7793,1976,Graduation,Together,62061,7,84,0,30
9303,1976,Graduation,Married,5305,4,7,1,3
6853,1982,Master,Single,75777,26,538,69,13
7366,1982,Master,Single,75777,26,538,69,13
9780,1971,Master,Together,71499,25,132,136,0
7573,1978,PhD,Single,31626,1,9,2,1
1379,1992,Master,Together,42670,2,46,20,4
8923,1973,Graduation,Single,83917,22,732,42,198
3547,1969,Master,Together,41021,7,9,6,16
8707,1956,Graduation,Married,79456,42,548,64,83
1891,1980,Master,Divorced,78789,50,850,21,83
6271,1952,PhD,Married,50870,0,8,0,0
9635,1983,Master,Married,35876,2,40,4,3
9727,1957,Graduation,Married,23539,24,11,16,1
6205,1967,Master,Single,32557,3,29,0,4
10681,1970,2n Cycle,Married,62466,129,259,168,121
5156,1970,2n Cycle,Married,62466,129,259,168,121
3050,1966,Graduation,Married,54198,0,28,3,2
8164,1978,PhD,Married,82170,93,651,49,55
5626,1964,PhD,Single,61798,4,89,11,8
7600,1992,Basic,Single,15253,3,3,8,1
6406,1988,Master,Married,78285,107,391,175,67
7002,1955,Graduation,Single,62535,48,90,0,45
8234,1973,Basic,Together,27190,6,7,0,1
6116,1968,2n Cycle,Married,48985,13,18,10,7
291,1970,Graduation,Married,72940,74,298,162,149
8779,1985,2n Cycle,Married,36145,4,76,17,1
4931,1977,Graduation,Together,157146,0,1725,2,1
1650,1960,Master,Married,81843,86,537,34,69
9701,1988,Graduation,Together,41883,34,41,73,16
6431,1964,PhD,Married,45759,1,18,3,0
10789,1964,PhD,Married,45759,1,18,3,0
5302,1986,Graduation,Together,78394,27,697,216,24
4459,1989,Graduation,Single,30279,4,14,4,4
10642,1989,Graduation,Single,30279,4,14,4,4
9213,1970,Graduation,Widow,31880,1,5,2,0
3678,1973,Graduation,Widow,60208,23,71,15,0
3698,1983,Graduation,Together,78687,185,687,145,55
5929,1973,PhD,Married,37401,3,19,3,1
10795,1973,PhD,Married,37401,3,19,3,1
4390,1954,Graduation,Together,75315,15,171,142,23
9362,1965,Graduation,Single,69263,5,32,13,5
1577,1946,Graduation,Married,78569,79,622,207,175
4609,1966,PhD,Married,57705,0,53,6,4
7143,1955,2n Cycle,Together,74805,162,209,41,162
1729,1961,PhD,Together,66426,24,97,32,24
10664,1949,Master,Widow,51529,4,35,6,0
5029,1946,Graduation,Married,18100,1,2,4,3
10507,1977,2n Cycle,Divorced,59601,7,69,0,7
3865,1977,2n Cycle,Together,20981,12,10,6,13
6982,1976,Graduation,Married,74068,30,537,140,76
7042,1983,Graduation,Married,36790,3,14,15,21
9668,1971,Graduation,Married,18793,16,20,0,17
6878,1954,Graduation,Widow,27421,12,96,78,40
4099,1972,Graduation,Married,30675,2,16,11,2
5031,1974,Graduation,Together,83145,35,731,39,137
1970,1968,Master,Together,34053,0,21,7,0
5726,1983,Master,Single,31788,7,23,0,8
5231,1974,2n Cycle,Married,45894,2,7,0,2
1307,1978,Graduation,Divorced,41986,5,8,8,3
10609,1962,PhD,Married,42769,0,13,3,1
5782,1982,2n Cycle,Together,58582,35,106,101,77
7533,1964,Graduation,Married,49096,1,32,2,1
9493,1980,PhD,Single,76412,53,804,23,71
2253,1990,Graduation,Married,18929,0,8,23,4
2326,1990,Graduation,Married,18929,0,8,23,4
1876,1990,Graduation,Married,18929,0,8,23,4
7141,1986,Master,Single,21888,10,46,2,3
7393,1978,Graduation,Together,41580,5,24,4,0
4713,1979,PhD,Married,31605,0,42,2,1
5093,1974,PhD,Divorced,25509,3,30,10,7
8524,1974,PhD,Divorced,25509,3,30,10,7
3766,1959,Master,Widow,33051,71,243,108,94
9725,1966,PhD,Together,28764,0,3,0,0
8933,1983,2n Cycle,Married,32146,3,23,4,7
10779,1983,Graduation,Single,22148,5,14,0,4
9289,1979,Graduation,Married,36781,1,17,0,3
2613,1960,Master,Married,54197,6,37,6,13
10133,1970,Graduation,Single,93790,68,731,89,114
8443,1972,Graduation,Single,24762,10,12,3,15
10796,1984,Master,Married,30477,1,6,0,0
10241,1975,2n Cycle,Divorced,11448,0,0,6,2
3388,1967,Graduation,Divorced,70844,26,67,3,67
6507,1980,Graduation,Single,30828,11,15,2,0
7446,1967,Master,Together,62513,42,98,0,42
87,1981,2n Cycle,Married,27733,7,5,26,2
10477,1973,PhD,Together,39435,0,18,0,0
6072,1970,Master,Single,75345,57,842,99,38
2518,1986,2n Cycle,Together,20491,4,5,4,2
247,1971,Graduation,Married,36715,10,125,21,13
9463,1959,Graduation,Together,71706,56,253,91,98
1459,1966,PhD,Married,69063,35,124,69,8
9530,1988,Graduation,Married,24645,3,4,4,1
9653,1975,Graduation,Married,35797,1,14,4,1
10785,1969,Graduation,Married,44078,1,10,2,0
9392,1971,Graduation,Single,26954,1,11,0,0
3769,1972,PhD,Together,,1,13,0,0
10146,1972,PhD,Together,38887,1,13,0,0
4741,1974,2n Cycle,Married,65463,32,70,21,32
1880,1959,PhD,Together,53537,0,6,0,0
6471,1971,Master,Single,36230,2,30,8,2
5718,1950,Graduation,Married,80763,168,108,192,42
3478,1971,PhD,Married,60585,42,309,55,42
7848,1974,Graduation,Single,49166,2,25,7,0
7999,1955,PhD,Together,75261,17,413,23,34
11101,1991,Graduation,Together,89891,22,132,59,28
9212,1962,Master,Married,72828,0,235,19,14
10983,1952,Graduation,Together,75278,98,230,150,74
3629,1978,Graduation,Single,38557,3,31,4,4
4673,1963,PhD,Married,81300,12,145,32,12
796,1965,2n Cycle,Divorced,60161,44,212,46,8
618,1977,PhD,Married,69389,7,238,69,46
380,1954,Graduation,Divorced,64497,48,320,42,32
1092,1980,Graduation,Married,61014,129,495,182,43
8962,1975,Master,Married,44319,0,8,0,0
8207,1957,2n Cycle,Married,53233,0,9,3,0
6521,1954,Graduation,Together,77972,22,319,33,102
535,1987,Graduation,Divorced,81361,23,424,27,65
4608,1987,Graduation,Divorced,81361,23,424,27,65
11086,1984,Basic,Single,25707,6,2,3,6
1064,1971,PhD,Married,42403,1,11,0,5
7000,1972,2n Cycle,Single,65704,172,74,38,8
1581,1980,Graduation,Married,37406,0,8,2,2
7384,1951,Master,Together,39767,61,204,34,26
10552,1979,2n Cycle,Married,54210,54,109,80,9
6409,1967,Graduation,Divorced,57136,140,599,34,12
9507,1975,Graduation,Married,40794,23,73,4,23
9560,1965,Graduation,Together,83003,61,570,40,25
10991,1960,Master,Married,89058,194,106,31,22
4712,1991,2n Cycle,Together,20193,8,22,24,11
11056,1974,Graduation,Married,72099,91,410,119,0
7414,1971,Graduation,Married,43824,1,42,12,3
3076,1975,Graduation,Together,66653,18,102,16,18
6355,1978,Graduation,Married,44359,0,14,7,3
7959,1961,Graduation,Married,79410,80,483,123,13
5512,1977,Master,Married,55842,0,39,0,4
10102,1966,Graduation,Widow,79946,183,565,166,141
9369,1979,2n Cycle,Single,88194,14,309,201,24
3711,1944,Master,Married,80184,134,670,25,38
6931,1967,Graduation,Divorced,76982,151,292,65,60
9596,1980,PhD,Single,65295,32,117,34,110
2727,1973,Graduation,Together,57100,21,69,39,3
8416,1981,Graduation,Married,29009,6,15,10,5
3967,1971,PhD,Married,78931,197,170,58,152
2139,1975,Master,Married,7500,1,10,3,2
2162,1976,Graduation,Married,56939,34,103,90,29
9242,1990,Graduation,Single,64509,185,575,24,25
10595,1990,Graduation,Married,30093,6,28,13,4
4855,1974,PhD,Together,30351,0,24,3,3
5049,1974,PhD,Together,30351,0,24,3,3
4967,1960,PhD,Together,38201,0,23,0,0
5255,1986,Graduation,Single,,1,3,3,263
9215,1980,PhD,Married,43974,0,101,0,0
3525,1970,Graduation,Together,38200,0,4,0,0
3619,1960,2n Cycle,Divorced,87305,25,501,63,138
4415,1961,Graduation,Married,16860,4,4,3,3
3645,1972,PhD,Single,27213,3,26,10,9
4692,1976,Graduation,Married,7500,0,12,13,7
3955,1965,Graduation,Divorced,4861,1,1,1,0
5313,1971,Master,Married,38196,0,11,0,0
7196,1950,PhD,Married,41145,0,3,0,0
1381,1982,PhD,Single,38513,3,115,16,0
10951,1968,Graduation,Married,45688,0,18,0,0
4322,1958,PhD,Together,77863,38,319,16,25
7444,1969,Master,Married,42169,0,9,0,0
2942,1964,Graduation,Single,45906,3,27,4,3
2874,1988,2n Cycle,Divorced,35388,4,7,4,3
3667,1969,Graduation,Married,80952,178,689,41,27
3697,1954,Graduation,Together,39898,8,26,12,7
9955,1954,Graduation,Together,39898,8,26,12,7
5320,1973,Master,Divorced,44051,7,58,6,3
6422,1954,Graduation,Married,86718,189,482,50,33
3690,1986,Master,Married,80141,102,673,52,40
2408,1976,Graduation,Married,58597,0,184,10,28
9260,1945,PhD,Married,70356,16,249,43,16
9648,1967,Graduation,Single,46904,4,56,0,9
4939,1946,Graduation,Together,37760,5,38,150,12
8652,1946,Graduation,Together,37760,5,38,150,12
4702,1964,Graduation,Single,61839,155,379,224,17
2587,1972,PhD,Married,29791,0,6,0,0
2811,1963,PhD,Single,48918,0,9,0,0
9150,1963,PhD,Single,48918,0,9,0,0
10127,1965,Graduation,Married,58692,11,61,4,7
5493,1976,Graduation,Married,39356,0,2,0,0
2666,1972,Master,Married,76234,50,167,130,0
10099,1984,Graduation,Married,55434,115,215,169,69
10562,1946,Master,Married,66835,26,195,34,17
7881,1946,Master,Married,66835,26,195,34,17
6721,1951,Graduation,Married,71965,19,286,50,38
5204,1971,Graduation,Together,74538,98,733,110,112
5209,1954,Graduation,Divorced,50002,5,71,21,16
10128,1958,Graduation,Together,53977,16,165,0,24
9284,1958,Graduation,Together,53977,16,165,0,24
8643,1971,Graduation,Together,69930,98,827,219,70
1685,1967,PhD,Together,62981,14,590,38,44
2877,1974,Master,Together,46014,0,59,19,9
8369,1987,Graduation,Together,18227,2,7,4,3
6233,1976,Graduation,Married,65991,19,364,25,47
195,1972,Graduation,Single,38808,17,52,3,19
1501,1982,PhD,Married,160803,16,1622,17,3
10846,1978,Master,Married,43783,9,125,25,4
8341,1969,PhD,Married,30396,0,6,0,1
10766,1964,PhD,Married,65526,19,69,12,0
9971,1964,PhD,Married,65526,19,69,12,0
1740,1944,Graduation,Married,55956,38,104,50,9
8737,1978,Graduation,Divorced,55563,1,9,2,0
6466,1965,PhD,Married,57236,0,9,2,1
10430,1973,Graduation,Divorced,89694,28,211,37,28
8773,1971,Master,Together,57420,0,18,0,0
2371,1972,Graduation,Married,33622,1,22,3,4
7786,1986,PhD,Single,29999,7,59,10,5
4088,1962,PhD,Together,31497,1,28,13,1
4971,1962,PhD,Together,31497,1,28,13,1
10560,1980,PhD,Single,36802,1,2,0,0
6892,1968,Graduation,Divorced,61671,7,56,0,0
11004,1893,2n Cycle,Single,60182,0,5,7,0
1818,1971,PhD,Together,29732,0,8,0,1
9485,1986,PhD,Married,45921,9,49,24,3
6646,1984,Graduation,Together,16529,0,5,13,0
4248,1960,Master,Single,98777,19,711,125,115
7451,1960,Master,Single,98777,19,711,125,115
7861,1952,Master,Married,77027,57,242,45,0
5232,1965,Graduation,Married,69139,12,75,33,15
3011,1965,Graduation,Married,69139,12,75,33,15
5758,1982,Graduation,Married,65169,0,69,0,0
2173,1952,Graduation,Widow,40049,6,7,0,3
10711,1945,Graduation,Married,69755,77,373,111,23
8268,1961,PhD,Married,,0,27,10,0
2782,1961,PhD,Married,54456,0,27,10,0
9432,1977,Graduation,Together,666666,14,18,8,1
5872,1951,Graduation,Single,60689,90,216,63,6
11187,1978,Basic,Single,26487,8,10,12,14
2428,1970,Graduation,Married,28164,18,26,11,8
1726,1970,Graduation,Single,22585,9,15,13,2
1802,1971,Graduation,Married,64795,5,119,38,29
1162,1987,PhD,Single,42000,83,267,85,59
10643,1987,PhD,Single,42000,83,267,85,59
11112,1966,Graduation,Together,70713,114,279,82,76
2114,1946,PhD,Single,82800,22,115,59,68
4261,1946,PhD,Single,82800,22,115,59,68
2457,1975,Basic,Married,30801,4,5,15,2
2495,1974,Master,Married,83891,38,350,111,85
6983,1950,Master,Divorced,38054,2,17,2,1
3436,1969,Graduation,Married,14045,0,5,2,1
7505,1957,PhD,Married,44155,1,9,0,0
4286,1970,PhD,Single,57642,6,58,8,0
7224,1977,Graduation,Married,31353,0,10,3,1
6215,1977,Graduation,Married,31353,0,10,3,1
968,1968,Master,Divorced,41335,19,21,16,14
4096,1968,Master,Divorced,41335,19,21,16,14
3153,1957,PhD,Single,40737,0,4,0,0
6504,1975,2n Cycle,Together,19789,5,9,28,6
5329,1949,PhD,Divorced,35946,0,3,0,0
1175,1983,Master,Married,36262,39,54,64,28
1377,1954,Master,Widow,44551,4,33,0,0
4607,1959,Graduation,Together,71367,23,389,42,21
4944,1959,Graduation,Together,71367,23,389,42,21
9483,1959,Graduation,Together,57957,59,177,77,5
1378,1972,2n Cycle,Together,50334,16,160,84,16
5991,1949,Master,Married,48150,2,39,3,2
2807,1969,Graduation,Married,56796,38,161,62,47
1052,1969,Graduation,Married,56796,38,161,62,47
9760,1963,PhD,Widow,52278,0,71,0,0
7101,1963,PhD,Widow,52278,0,71,0,0
9909,1996,2n Cycle,Married,7500,18,14,15,22
5907,1952,Master,Married,33444,0,8,0,0
793,1973,Graduation,Married,20895,3,17,3,0
8832,1976,Master,Together,37509,5,56,12,8
2535,1978,Master,Married,88097,0,480,0,126
1523,1973,Graduation,Married,59041,2,15,2,2
1839,1974,Graduation,Single,43322,7,48,10,2
9972,1955,PhD,Together,46015,0,2,0,0
2945,1955,PhD,Together,46015,0,2,0,0
9291,1959,Master,Married,34242,2,4,0,0
2829,1955,Graduation,Married,65210,0,70,0,7
8594,1958,PhD,Widow,50520,0,6,2,1
1592,1970,Graduation,Married,90765,99,812,151,82
4310,1944,Graduation,Married,80589,93,520,242,40
6950,1958,Master,Married,49572,1,16,0,1
8492,1978,Graduation,Together,75437,0,545,95,58
5684,1971,Master,Divorced,44635,0,9,0,0
5909,1964,Graduation,Married,58512,10,101,13,0
9855,1952,PhD,Single,62000,0,101,0,0
975,1956,Graduation,Single,54252,4,26,8,4
8754,1974,PhD,Together,45068,0,3,0,0
1456,1979,Graduation,Single,60474,199,303,234,9
2849,1979,Graduation,Single,60474,199,303,234,9
9984,1981,2n Cycle,Married,56337,16,144,28,5
5527,1987,Graduation,Together,22434,12,11,3,13
5628,1982,Graduation,Together,61416,154,323,201,61
7627,1975,Master,Married,92163,183,797,106,163
1351,1956,Master,Together,58656,12,194,16,24
10629,1973,2n Cycle,Married,,3,43,17,4
10395,1986,Basic,Single,8940,45,3,4,6
6961,1974,Graduation,Married,26751,1,5,0,3
10196,1978,Graduation,Married,71427,123,177,15,64
6182,1984,Graduation,Together,26646,4,20,10,3
10432,1974,Graduation,Divorced,19346,0,9,3,6
1542,1975,Graduation,Single,56243,0,35,4,3
4220,1970,PhD,Married,59892,0,13,0,1
4141,1965,Graduation,Together,71613,49,127,111,21
1940,1986,Graduation,Married,25252,3,4,2,2
1506,1975,Graduation,Single,42160,9,45,3,15
6347,1979,Basic,Single,15862,1,4,11,9
1361,1974,Master,Married,82584,68,103,29,91
9422,1989,Graduation,Married,38360,2,42,20,21
1081,1957,PhD,Married,75283,9,180,12,19
7458,1956,Master,Together,34941,2,25,4,3
1012,1952,Graduation,Single,61823,7,134,37,14
5453,1956,Master,Married,90226,108,649,253,151
6818,1974,Graduation,Married,44989,0,106,49,10
7807,1974,Graduation,Married,44989,0,106,49,10
7532,1980,Graduation,Married,43586,2,11,4,0
8346,1974,Graduation,Single,32233,15,35,25,11
5564,1969,Graduation,Together,62882,133,497,78,24
3267,1963,Master,Together,57288,0,21,0,0
3091,1981,2n Cycle,Together,75774,21,134,258,14
762,1981,2n Cycle,Together,75774,21,134,258,14
8029,1988,Master,Single,90247,32,352,21,16
4376,1960,2n Cycle,Single,32218,24,15,13,1
10981,1988,Graduation,Married,84219,137,400,45,137
486,1988,Graduation,Married,84219,137,400,45,137
1158,1966,Graduation,Divorced,48877,1,15,2,0
9119,1950,Graduation,Together,60905,17,76,36,17
6694,1964,Graduation,Married,75236,66,400,12,38
10573,1953,Graduation,Divorced,62551,16,98,134,21
10140,1983,PhD,Together,70123,0,396,23,0
2286,1962,Graduation,Single,50785,1,21,0,1
8420,1970,2n Cycle,Married,15315,4,13,15,8
10065,1970,2n Cycle,Married,15315,4,13,15,8
1029,1970,PhD,Together,64413,5,44,0,10
4207,1981,PhD,Married,87171,44,107,58,44
10277,1961,Graduation,Single,30081,0,2,0,0
4436,1976,Graduation,Single,20180,42,24,15,20
2929,1976,Graduation,Single,20180,42,24,15,20
6281,1966,Graduation,Divorced,55686,0,199,37,47
10390,1959,2n Cycle,Married,26887,7,4,3,4
2574,1977,PhD,Married,61996,12,144,0,0
709,1952,Graduation,Divorced,51537,20,204,0,0
5955,1962,Graduation,Together,72025,33,549,151,133
8486,1971,Master,Together,30538,0,52,8,3
10343,1991,2n Cycle,Single,61618,91,399,0,45
6652,1965,Graduation,Married,77343,151,573,98,54
8746,1989,Graduation,Married,75433,0,297,0,34
4686,1962,PhD,Widow,82571,31,558,62,95
3551,1954,Master,Together,60033,1,57,19,11
4338,1983,Graduation,Single,39062,0,9,0,0
4444,1972,Graduation,Married,30023,0,16,7,6
498,1970,Graduation,Single,30015,0,22,2,3
8230,1980,Graduation,Married,33228,2,31,7,4
2826,1967,Graduation,Married,22574,0,8,2,0
6222,1967,Graduation,Married,22574,0,8,2,0
7352,1957,Graduation,Married,55267,28,136,32,3
10928,1958,Graduation,Together,66886,4,62,41,31
10736,1971,Graduation,Single,72258,0,522,227,120
10163,1984,PhD,Single,82733,50,420,65,38
6168,1963,Graduation,Divorced,45146,0,5,0,0
4656,1990,2n Cycle,Single,51250,32,230,34,32
626,1951,Graduation,Married,32871,2,12,0,2
3870,1978,2n Cycle,Together,63855,35,314,93,116
6299,1968,PhD,Divorced,42564,48,186,39,18
7798,1972,2n Cycle,Together,46344,20,57,8,20
9973,1963,Graduation,Married,50437,9,92,6,9
4299,1960,Graduation,Together,70971,17,572,93,125
10971,1977,Graduation,Single,37774,8,107,7,2
9931,1963,PhD,Married,4023,0,1,1,1
6679,1966,Graduation,Single,33279,3,3,0,0
5961,1978,Graduation,Married,42693,4,20,6,3
6255,1952,Master,Together,70545,39,63,55,18
8614,1957,Graduation,Widow,65486,19,125,37,67
7828,1981,Master,Together,77882,129,396,188,22
1277,1960,Graduation,Together,78468,22,388,104,22
3595,1963,Graduation,Together,77226,43,239,128,76
5735,1991,Master,Single,90638,120,915,94,144
5350,1991,Master,Single,90638,120,915,94,144
4137,1948,Graduation,Together,70666,40,367,119,122
6357,1959,2n Cycle,Divorced,59052,35,75,63,57
9316,1952,Basic,Together,13084,0,7,3,7
3578,1949,Graduation,Divorced,49160,21,43,25,10
153,1953,Graduation,Divorced,23272,3,6,4,2
10524,1963,Master,Divorced,49476,23,95,54,41
1518,1965,Master,Married,62694,6,157,25,91
2036,1973,PhD,Together,57906,11,119,10,3
9495,1982,Graduation,Together,71853,108,413,141,97
2631,1982,Graduation,Together,71853,108,413,141,97
6312,1959,Graduation,Married,65031,107,291,84,37
615,1960,Graduation,Together,30507,36,74,38,20
4406,1970,Graduation,Together,67419,84,352,91,56
10061,1950,Graduation,Married,59462,17,143,0,8
10619,1994,Graduation,Single,95529,29,890,250,27
4945,1953,Graduation,Widow,53653,10,239,28,10
1777,1980,Basic,Married,25965,2,11,41,7
4023,1970,Graduation,Married,22979,17,19,20,21
7922,1951,PhD,Single,64950,0,72,12,0
10699,1985,Graduation,Married,44322,0,40,3,0
7516,1983,Graduation,Married,30096,3,11,12,5
3129,1983,Graduation,Married,30096,3,11,12,5
5121,1977,Graduation,Single,56628,5,82,7,17
2186,1977,2n Cycle,Together,82326,142,754,159,81
10548,1995,Graduation,Single,71163,17,372,138,106
6384,1978,Graduation,Divorced,71022,12,278,0,12
2625,1954,2n Cycle,Single,42607,29,56,30,32
1676,1975,Graduation,Married,43057,2,44,0,2
5534,1975,Master,Married,47808,1,26,2,0
6859,1987,Graduation,Single,29236,4,24,16,9
271,1969,Graduation,Widow,40590,0,50,6,11
7699,1969,Graduation,Widow,40590,0,50,6,11
7832,1959,Master,Married,77520,44,396,0,88
938,1981,Graduation,Married,40211,1,7,2,1
7873,1973,PhD,Together,63516,11,114,15,14
9967,1974,Graduation,Divorced,53034,15,196,15,11
1087,1975,Master,Together,22669,14,36,37,22
8314,1982,Graduation,Married,79908,129,761,29,185
3762,1986,PhD,Single,69867,0,512,33,130
10383,1966,Graduation,Divorced,70287,35,482,121,120
6798,1966,Graduation,Single,37070,7,137,4,15
4168,1966,Graduation,Single,37070,7,137,4,15
6690,1966,Master,Married,38179,4,22,4,2
10602,1983,Graduation,Married,39922,12,59,19,1
3220,1983,Graduation,Married,39922,12,59,19,1
5424,1983,Graduation,Married,39922,12,59,19,1
7488,1963,Master,Single,64191,15,186,151,38
5289,1975,2n Cycle,Single,41658,4,12,15,4
347,1976,Graduation,Divorced,40780,27,71,13,3
5236,1979,Graduation,Together,77568,0,396,232,178
9478,1985,Graduation,Single,66503,64,128,65,3
477,1986,Graduation,Married,83512,61,835,80,20
7411,1964,PhD,Married,31686,0,5,0,0
3107,1976,Graduation,Together,71322,24,124,24,15
7437,1988,Graduation,Single,27938,0,8,2,1
255,1951,Graduation,Divorced,22263,0,2,0,0
3790,1956,Graduation,Together,34633,1,5,0,0
749,1981,Graduation,Together,42162,7,59,2,4
1503,1976,PhD,Together,162397,1,16,2,1
8650,1978,Graduation,Widow,54162,6,10,6,5
607,1955,2n Cycle,Divorced,41769,29,131,32,0
1008,1981,PhD,Together,44953,17,133,11,8
9396,1978,PhD,Married,37717,0,6,4,1
933,1978,PhD,Married,37717,0,6,4,1
5710,1970,Graduation,Together,40548,0,5,2,0
2882,1975,2n Cycle,Divorced,67893,28,142,49,18
2379,1953,Graduation,Single,69267,44,499,95,73
5342,1976,Basic,Divorced,9548,1,3,10,6
3262,1958,Graduation,Single,68281,112,417,42,48
5832,1960,2n Cycle,Together,92556,183,352,184,23
5025,1979,Graduation,Single,48526,17,23,43,20
569,1991,Graduation,Single,90273,129,853,120,74
3102,1981,2n Cycle,Together,19414,3,12,3,5
9449,1958,PhD,Single,79761,5,124,15,35
8104,1951,PhD,Married,53312,0,12,0,0
75,1982,2n Cycle,Together,41039,11,137,179,61
6421,1961,Graduation,Together,88347,178,555,77,138
3037,1983,PhD,Married,50150,46,92,65,61
4698,1983,PhD,Married,50150,46,92,65,61
948,1971,Graduation,Single,10245,7,7,6,4
6177,1985,PhD,Married,33454,10,56,3,1
3517,1952,Graduation,Single,40887,4,44,10,10
3491,1975,Graduation,Together,55914,60,364,119,101
7610,1983,Graduation,Together,37292,0,86,10,23
4377,1971,Graduation,Married,52914,10,44,30,10
9850,1972,2n Cycle,Married,24884,6,7,0,0
5544,1970,Graduation,Single,67384,40,175,158,53
6497,1960,Graduation,Married,51651,6,23,13,6
4543,1980,Graduation,Married,82497,129,573,216,21
5117,1963,2n Cycle,Married,32632,151,137,153,19
1448,1963,Master,Married,33562,12,12,0,3
6887,1967,Graduation,Single,79146,16,223,21,43
7500,1967,Graduation,Single,79146,16,223,21,43
2724,1981,Master,Single,36143,0,1,0,0
2256,1973,Master,Married,27159,0,3,0,0
1100,1960,Master,Together,41275,4,22,0,2
7725,1965,2n Cycle,Married,76800,26,255,35,71
2612,1987,Graduation,Married,75794,160,625,63,32
113,1951,Graduation,Married,30833,0,7,3,1
2868,1949,PhD,Single,26518,1,28,3,3
4216,1981,Graduation,Single,91065,114,108,179,137
199,1962,Master,Single,45183,3,60,12,9
359,1950,Graduation,Together,48070,14,83,6,9
8842,1971,Graduation,Widow,30372,0,12,7,3
2154,1971,Graduation,Widow,30372,0,12,7,3
6050,1975,2n Cycle,Married,57036,43,219,19,14
9204,1970,Graduation,Widow,66731,159,194,58,106
4472,1970,PhD,Divorced,35682,0,8,6,2
6864,1989,Master,Divorced,10979,4,10,2,2
10617,1989,Master,Divorced,10979,4,10,2,2
3924,1965,PhD,Divorced,57912,0,80,0,0
5654,1972,Graduation,Married,36026,4,10,6,4
9216,1971,Graduation,Married,35788,2,11,3,1
8086,1959,Graduation,Married,42243,0,2,0,0
9097,1956,Graduation,Divorced,46086,8,32,7,2
7631,1978,Master,Together,61346,58,168,43,16
7275,1971,Master,Single,33316,1,31,4,4
8334,1971,Master,Single,33316,1,31,4,4
1987,1987,Basic,Single,21063,10,11,19,3
2281,1970,Graduation,Single,33697,3,7,0,3
7034,1978,2n Cycle,Married,25804,7,9,13,6
2797,1977,Graduation,Married,72117,20,171,65,60
3934,1966,Graduation,Married,61286,0,107,19,9
2493,1966,Graduation,Married,61286,0,107,19,9
3759,1958,Graduation,Together,65196,19,181,12,0
965,1971,Graduation,Divorced,55635,65,164,50,49
7378,1981,Master,Together,42021,5,136,7,5
1859,1972,Master,Married,75251,111,925,97,18
6263,1968,Graduation,Together,35322,9,37,12,7
2072,1969,PhD,Together,53374,10,101,13,10
8908,1959,Graduation,Married,87195,76,690,50,26
738,1981,2n Cycle,Single,42395,13,57,24,15
10129,1966,Graduation,Together,82427,147,509,104,107
807,1969,Master,Together,44602,2,89,0,0
3334,1951,Graduation,Married,94642,143,797,106,143
5423,1983,Graduation,Together,28359,0,5,2,1
4426,1975,Graduation,Single,55801,4,51,6,4
10489,1973,Graduation,Married,92955,21,925,31,24
2570,1968,Graduation,Together,56534,7,61,10,0
3834,1962,Graduation,Single,69627,161,215,171,30
590,1970,Master,Divorced,78579,66,549,216,66
4791,1980,Graduation,Together,44964,1,17,2,0
5304,1974,PhD,Single,30899,0,8,0,0
2426,1964,PhD,Divorced,78825,74,114,169,37
35,1987,Graduation,Married,25545,1,64,16,12
8041,1971,PhD,Widow,47111,71,153,120,112
3584,1955,PhD,Single,49667,26,120,17,13
7718,1947,Master,Together,66000,51,270,101,0
8605,1964,PhD,Together,46910,0,14,0,0
1646,1972,Basic,Married,25224,9,12,11,2
9206,1968,Graduation,Together,77382,48,231,112,105
10757,1967,PhD,Divorced,28420,2,5,2,0
6885,1977,Graduation,Divorced,32952,0,12,3,1
907,1975,Graduation,Married,46149,6,71,4,0
1150,1899,PhD,Together,83532,144,562,104,64
3867,1947,PhD,Together,73059,112,420,0,82
3859,1947,PhD,Together,73059,112,420,0,82
3265,1959,Graduation,Married,35701,1,9,7,3
4418,1983,Master,Single,89616,47,655,145,111
4611,1970,Graduation,Together,105471,181,104,202,21
4530,1948,Master,Widow,78427,19,595,180,26
7736,1986,Graduation,Married,22518,7,12,2,2
9949,1976,Graduation,Married,59809,16,141,32,41
942,1982,Graduation,Single,39660,13,78,20,13
6181,1950,2n Cycle,Together,52203,21,238,56,108
7660,1973,PhD,Alone,35860,0,8,4,2
2055,1973,PhD,Divorced,35860,0,8,4,2
5107,1973,PhD,Divorced,35860,0,8,4,2
1626,1973,PhD,Divorced,35860,0,8,4,2
6428,1950,PhD,Widow,76842,10,345,84,54
9617,1951,Graduation,Single,15033,4,5,6,0
4339,1970,PhD,Married,67353,17,151,0,8
7235,1975,2n Cycle,Married,17003,5,12,4,8
8527,1965,Master,Together,65735,7,119,4,15
1968,1971,Graduation,Widow,45684,1,5,10,0
9862,1969,Graduation,Together,21918,6,7,11,5
11075,1978,Graduation,Married,51267,2,64,7,2
6658,1972,Graduation,Together,59868,51,154,54,10
4552,1991,Graduation,Married,51373,2,101,64,26
10377,1958,Master,Together,46692,6,97,24,12
5336,1971,Master,Together,157733,1,9,2,0
10350,1950,PhD,Married,54432,0,5,0,0
11071,1984,Graduation,Single,79607,133,951,173,0
11100,1972,Graduation,Divorced,51813,2,7,0,1
6516,1989,Basic,Married,17487,0,1,7,4
1734,1968,PhD,Together,40706,0,11,4,2
2131,1959,PhD,Divorced,62859,89,102,16,12
6439,1958,Graduation,Married,61074,0,133,0,28
10591,1969,Graduation,Widow,43638,10,83,7,19
9797,1956,Graduation,Married,58116,19,130,4,11
9336,1969,PhD,Widow,62187,0,83,0,0
2174,1954,Graduation,Single,46344,1,6,2,1
3197,1980,Graduation,Married,77353,59,107,69,101
9185,1966,PhD,Single,69759,20,514,13,30
905,1986,Graduation,Divorced,21846,17,18,6,10
10858,1975,Graduation,Together,76532,30,177,90,138
8925,1965,Master,Married,70053,53,98,81,179
2499,1958,2n Cycle,Single,75342,97,97,21,118
1109,1982,Master,Together,27590,0,5,0,0
326,1973,Graduation,Married,51148,6,45,8,9
10967,1963,Graduation,Divorced,33378,6,40,3,7
5370,1973,PhD,Married,32644,3,141,0,7
2098,1969,PhD,Married,33581,0,5,0,0
1773,1978,2n Cycle,Married,12393,6,15,11,7
5036,1984,PhD,Single,42710,3,42,4,3
4856,1957,2n Cycle,Married,82347,54,845,202,133
8722,1957,2n Cycle,Married,82347,54,845,202,133
2156,1955,PhD,Married,22554,0,10,0,0
2569,1987,Graduation,Married,17323,14,17,6,1
10151,1960,Graduation,Divorced,62204,46,247,151,46
10473,1956,PhD,Widow,78028,19,288,25,0
7079,1962,Graduation,Divorced,63887,23,207,15,11
6875,1965,PhD,Together,32727,13,180,86,13
6728,1985,Graduation,Together,29103,0,17,6,3
2471,1965,Graduation,Married,61482,58,68,16,66
49,1970,Graduation,Single,20587,3,6,4,1
4973,1970,Graduation,Single,20587,3,6,4,1
6387,1976,PhD,Together,52190,0,17,0,0
5866,1974,Graduation,Together,48186,3,66,12,7
8523,1968,Graduation,Married,19329,1,16,12,2
7901,1971,Master,Married,34109,1,5,2,1
898,1986,Graduation,Married,23477,15,54,3,8
10242,1966,PhD,Together,47472,0,11,0,0
5835,1976,PhD,Divorced,14849,2,28,3,2
6919,1978,2n Cycle,Married,26224,7,15,13,9
6197,1962,PhD,Single,27238,0,17,0,0
10475,1970,Master,Together,,5,65,26,20
4201,1962,Graduation,Single,57967,7,137,4,0
5092,1949,PhD,Widow,51569,0,47,6,0
6566,1954,PhD,Married,72550,50,317,50,38
6613,1970,Master,Married,44511,7,133,46,14
9094,1955,2n Cycle,Married,62972,15,47,20,0
9847,1955,2n Cycle,Married,62972,15,47,20,0
10767,1989,PhD,Together,77845,40,480,0,40
7943,1975,PhD,Married,36663,0,6,3,3
1055,1976,Master,Married,53204,0,8,2,0
1458,1982,Master,Married,21059,3,19,3,3
8402,1953,Master,Married,67087,35,222,130,35
6246,1953,Graduation,Single,73892,102,601,0,58
4654,1992,Graduation,Together,75114,12,523,63,60
6103,1948,Graduation,Married,42192,15,15,17,6
8147,1960,Graduation,Married,31454,0,11,0,0
10207,1978,Graduation,Together,22775,1,8,0,0
4838,1978,Graduation,Together,22775,1,8,0,0
10219,1972,Graduation,Together,31590,2,15,6,6
2176,1972,Graduation,Married,80134,16,272,104,0
9121,1972,Graduation,Married,80134,16,272,104,0
5802,1972,Basic,Married,14188,7,11,16,12
10790,1985,PhD,Married,18169,0,5,0,0
178,1956,Graduation,Married,62503,0,193,110,75
2308,1954,Graduation,Married,46734,5,137,26,23
7431,1991,PhD,Single,68126,17,311,23,51
9405,1954,PhD,Married,52869,3,61,2,1
10525,1986,Graduation,Single,26576,0,8,0,0
7503,1976,Graduation,Single,75825,105,779,137,105
8783,1950,Graduation,Married,57045,13,104,11,13
1403,1975,2n Cycle,Together,34984,4,15,3,5
4643,1973,Graduation,Married,27803,26,46,38,9
3463,1975,PhD,Married,69283,62,134,0,26
4055,1992,Basic,Single,18746,10,11,12,9
7010,1965,2n Cycle,Married,70924,114,254,132,152
4767,1965,2n Cycle,Married,70924,114,254,132,152
1927,1973,2n Cycle,Together,69401,27,159,58,8
437,1976,Master,Divorced,75012,142,218,164,58
4331,1978,Master,Together,85738,26,376,17,26
4084,1975,Graduation,Together,60934,155,155,192,93
8135,1986,Master,Married,27161,4,23,7,0
9750,1961,PhD,Divorced,64325,60,353,78,12
6682,1973,Basic,Married,18978,8,1,4,7
10581,1977,Graduation,Married,41124,7,84,15,0
3710,1984,PhD,Single,39684,0,35,6,4
5207,1963,PhD,Married,53378,6,152,8,6
9360,1982,Graduation,Married,37040,2,73,69,38
4679,1977,Master,Married,78710,0,152,119,50
1340,1986,Graduation,Married,92910,137,792,179,103
10839,1976,Graduation,Together,36283,5,5,8,0
5303,1974,PhD,Together,79632,0,510,99,21
9829,1978,Graduation,Together,28587,4,17,12,10
10469,1981,Graduation,Together,88325,71,860,93,27
3602,1958,Master,Married,51412,3,29,4,5
4756,1952,2n Cycle,Divorced,63998,29,818,0,33
8181,1978,2n Cycle,Single,38593,12,49,17,24
6958,1977,Master,Married,27889,0,4,0,0
10856,1980,2n Cycle,Single,45889,0,6,0,1
3321,1967,PhD,Together,56575,5,90,0,16
5394,1979,Basic,Single,16014,9,4,7,8
433,1958,Master,Alone,61331,5,47,0,5
6320,1976,Master,Single,70893,44,561,77,44
5376,1979,Graduation,Married,2447,1,1725,1,1
1867,1957,Graduation,Single,64849,48,350,94,84
4324,1989,Graduation,Married,42387,0,235,19,4
3661,1995,2n Cycle,Single,80617,51,631,72,55
521,1985,Graduation,Together,54006,77,203,6,24
10403,1978,Graduation,Together,16531,13,6,7,5
7186,1966,PhD,Together,30843,0,2,0,0
4329,1984,PhD,Married,18988,0,6,2,1
4394,1965,PhD,Married,81051,29,249,38,29
1717,1988,Graduation,Single,39747,15,93,20,13
1016,1959,PhD,Single,34554,1,6,2,0
3783,1959,PhD,Married,52854,0,10,0,1
5848,1970,Graduation,Together,81205,74,929,97,55
10727,1970,PhD,Married,69084,107,199,39,30
5299,1970,PhD,Married,69084,107,199,39,30
6872,1974,PhD,Married,65352,3,84,4,7
1143,1972,Graduation,Married,22063,10,13,3,11
10381,1979,Graduation,Single,47691,0,3,0,0
11007,1968,PhD,Married,29187,0,6,0,0
9145,1972,Graduation,Single,72504,26,470,123,161
5267,1970,Graduation,Divorced,33986,2,18,2,1
9738,1986,Master,Together,42386,4,16,0,4
10212,1986,Master,Together,42386,4,16,0,4
10010,1953,PhD,Divorced,36957,2,16,2,1
10069,1988,Basic,Together,13724,7,5,2,15
2694,1967,Graduation,Married,42664,0,3,0,0
10613,1958,PhD,Together,37334,1,16,2,2
4646,1951,2n Cycle,Married,78497,26,447,75,0
6935,1951,2n Cycle,Married,78497,26,447,75,0
5596,1956,2n Cycle,Together,58821,14,154,19,0
1044,1953,Graduation,Together,58398,5,201,21,21
9274,1961,Master,Married,80950,147,112,219,147
9076,1980,PhD,Married,30732,1,25,0,1
4947,1966,2n Cycle,Single,89572,24,974,197,194
10176,1968,Graduation,Single,57107,0,120,0,0
3507,1970,Graduation,Single,76467,161,426,210,44
9235,1957,Graduation,Single,,0,8,2,0
10341,1948,Graduation,Together,51315,28,39,16,30
2639,1966,Graduation,Single,43602,5,12,10,3
6201,1978,Graduation,Single,38643,2,14,0,1
7397,1951,Graduation,Single,49090,5,82,7,0
2181,1970,Graduation,Married,70617,61,753,40,46
1204,1970,PhD,Married,67536,0,447,23,71
1170,1975,Graduation,Married,27573,15,110,39,15
8812,1979,2n Cycle,Divorced,13533,3,8,8,0
4690,1953,Graduation,Married,50725,10,75,0,10
1715,1978,Graduation,Together,25851,4,18,7,5
10821,1978,Graduation,Married,57113,4,33,0,2
6543,1945,Master,Together,62847,168,706,80,76
7119,1982,Graduation,Single,68627,15,263,60,54
3518,1983,Graduation,Married,25271,1,18,10,4
1245,1966,Graduation,Single,63810,12,253,16,12
2561,1966,Graduation,Single,63810,12,253,16,12
9624,1958,PhD,Together,65488,45,207,36,18
10509,1955,Master,Single,36927,0,16,0,0
7629,1977,Graduation,Married,22108,3,9,6,2
7875,1949,Graduation,Married,72025,0,617,43,50
2815,1975,Graduation,Married,33183,5,39,17,15
2936,1982,Master,Together,23661,0,4,0,0
3665,1977,2n Cycle,Together,25315,9,8,11,3
10888,1961,Graduation,Single,45938,11,178,62,83
6637,1988,Graduation,Single,66951,162,305,173,76
5077,1979,Graduation,Together,77298,115,292,23,35
6173,1979,Graduation,Together,77298,115,292,23,35
3969,1974,Master,Together,43018,4,17,7,6
4580,1969,Graduation,Married,75759,22,708,89,91
663,1989,PhD,Single,33996,2,15,8,0
8299,1989,PhD,Single,33996,2,15,8,0
8945,1970,Graduation,Divorced,54137,0,11,0,1
10870,1967,Graduation,Married,61223,43,182,42,118
1184,1968,PhD,Divorced,69674,41,215,11,0
6141,1972,Master,Single,49494,9,97,0,6
8825,1962,Graduation,Together,51195,14,156,82,24
2217,1975,2n Cycle,Married,37284,1,2,2,1
4102,1975,2n Cycle,Married,37284,1,2,2,1
4653,1978,Graduation,Together,42011,0,16,2,1
10092,1954,Graduation,Divorced,70044,0,250,153,14
5788,1972,Graduation,Together,46053,10,92,19,7
4669,1981,Basic,Married,24480,19,9,28,25
6295,1977,Graduation,Married,54233,8,158,21,0
7453,1954,Graduation,Single,36130,43,127,68,56
10841,1975,PhD,Together,56559,22,133,41,31
821,1992,Master,Single,92859,61,921,52,61
3933,1980,Graduation,Together,44010,36,234,86,72
1225,1963,Graduation,Married,80124,84,398,205,84
7059,1963,Graduation,Married,80124,84,398,205,84
5633,1980,Graduation,Married,50183,12,84,13,10
843,1971,Graduation,Married,64722,0,280,60,147
6211,1976,PhD,Together,37395,0,9,0,1
7007,1968,Master,Married,29543,3,18,3,4
9671,1968,Graduation,Married,19514,3,21,2,1
8975,1968,Graduation,Married,19514,3,21,2,1
6616,1975,Graduation,Together,59481,3,85,71,66
6248,1947,Master,Single,91712,24,746,94,29
7428,1975,Graduation,Together,80144,132,445,250,192
3075,1972,PhD,Married,59973,30,168,20,34
2937,1974,PhD,Single,68352,16,132,43,33
203,1975,Master,Single,81169,20,613,80,61
2021,1975,Graduation,Married,61456,76,384,84,192
880,1966,Basic,Together,22634,23,11,8,6
524,1966,Basic,Together,22634,23,11,8,6
10837,1975,Graduation,Married,23957,1,18,20,11
7011,1973,Graduation,Married,33471,2,27,0,9
4184,1950,PhD,Together,52157,2,29,3,2
7679,1985,PhD,Single,30298,3,12,6,1
7485,1950,PhD,Widow,56551,4,32,17,2
7530,1950,PhD,Widow,56551,4,32,17,2
4369,1957,Master,Absurd,65487,67,500,199,0
10652,1957,Master,Together,65487,67,500,199,0
286,1952,Graduation,Single,44213,11,35,0,4
5922,1974,PhD,Married,40344,0,6,0,0
7250,1978,Graduation,Together,57867,35,178,15,23
2478,1973,Graduation,Married,25410,2,4,13,13
1160,1970,Graduation,Married,13260,4,17,10,2
9214,1991,Graduation,Married,42691,2,64,38,17
273,1970,Master,Married,36138,0,16,0,0
851,1972,Master,Married,57136,5,109,21,109
9729,1955,Graduation,Widow,58275,10,253,56,43
9665,1957,PhD,Divorced,54237,3,30,4,0
2620,1974,PhD,Married,34596,0,2,0,0
8254,1974,PhD,Married,34596,0,2,0,0
3852,1961,Master,Together,74881,72,270,36,27
1000,1961,Master,Together,74881,72,270,36,27
3099,1970,Graduation,Divorced,44267,5,65,3,5
6318,1988,Graduation,Married,68487,12,385,33,89
5396,1988,Graduation,Married,68487,12,385,33,89
7966,1959,Graduation,Single,80982,137,401,104,22
454,1980,Graduation,Together,69508,32,162,42,32
309,1961,PhD,Together,63342,21,118,13,10
3571,1961,PhD,Together,63342,21,118,13,10
8395,1961,Graduation,Single,82014,37,265,35,163
2591,1959,Graduation,Widow,76320,35,214,69,53
1640,1954,Graduation,Divorced,64587,0,16,0,6
810,1975,Graduation,Married,74190,81,86,168,91
9423,1979,Master,Married,32765,3,17,7,3
4345,1964,2n Cycle,Single,,1,9,2,0
89,1975,2n Cycle,Married,22212,9,20,6,8
5294,1989,Graduation,Single,18358,8,19,16,4
1321,1974,Graduation,Married,26067,2,18,0,2
2686,1969,Basic,Together,22390,1,4,15,1
1215,1978,Graduation,Together,70440,117,499,76,102
9283,1978,Graduation,Single,60199,1,7,2,0
3120,1981,Graduation,Together,38547,1,10,0,1
5868,1980,Graduation,Married,19107,4,9,10,5
8143,1985,PhD,Single,37929,2,46,3,2
3479,1950,Graduation,Single,16813,8,11,12,2
7214,1957,Graduation,Married,62187,0,275,45,45
5543,1966,Graduation,Together,57811,7,114,37,21
9347,1956,Master,Together,50943,0,7,2,0
10160,1956,Master,Together,50943,0,7,2,0
1406,1975,Graduation,Single,53201,7,81,20,0
7019,1963,Graduation,Together,54414,18,16,24,26
2157,1972,Graduation,Together,26290,8,16,11,5
8939,1959,Graduation,Divorced,61250,138,65,60,26
10250,1947,Basic,Together,28389,5,3,7,4
1272,1965,Master,Single,55250,58,83,32,0
3007,1966,Graduation,Together,37758,2,10,0,0
5513,1966,Graduation,Together,37758,2,10,0,0
679,1957,PhD,Married,37633,4,20,0,0
8876,1963,PhD,Together,33629,0,16,0,0
10827,1967,PhD,Married,36947,3,21,4,1
7300,1952,Graduation,Divorced,69142,4,34,6,4
4268,1959,Graduation,Married,53154,0,21,0,1
4603,1960,PhD,Married,65695,32,189,0,58
8659,1952,PhD,Together,69805,71,174,13,10
10708,1978,2n Cycle,Single,36975,6,11,0,4
1176,1973,Graduation,Married,26228,6,4,3,1
10380,1972,Master,Married,37787,1,40,4,3
7037,1974,PhD,Married,37087,55,134,15,0
11096,1952,2n Cycle,Together,57247,4,32,37,54
6374,1954,PhD,Married,36930,2,31,0,2
5552,1963,Master,Divorced,48721,18,113,47,13
2245,1969,Master,Married,43641,2,51,4,2
6200,1951,Graduation,Married,75903,108,185,130,38
9904,1956,Graduation,Married,71391,123,274,46,123
10031,1976,PhD,Married,16927,2,23,3,1
6642,1961,Graduation,Divorced,27215,5,22,8,9
10882,1976,Graduation,Married,53858,53,221,58,150
5636,1963,Graduation,Single,30983,4,50,12,1
8692,1952,Graduation,Together,43462,17,97,15,6
8091,1956,Graduation,Married,63943,184,368,13,97
8080,1986,Graduation,Single,26816,1,6,3,4
8370,1976,2n Cycle,Together,75484,97,259,197,194
4550,1966,Master,Together,33564,0,3,0,0
3381,1953,Master,Married,54348,0,16,0,0
10556,1959,Graduation,Married,54984,13,131,32,3
9467,1984,Graduation,Single,34738,2,10,3,0
2891,1963,Graduation,Divorced,68118,23,123,10,23
5011,1963,Graduation,Divorced,68118,23,123,10,23
8140,1973,Graduation,Together,22682,14,29,4,2
11039,1975,Graduation,Married,51948,33,54,71,30
78,1969,Graduation,Married,25293,0,11,0,2
5517,1969,Graduation,Married,25293,0,11,0,2
5290,1964,PhD,Married,41551,0,33,3,0
4128,1962,PhD,Together,56067,12,54,16,6
8534,1952,Graduation,Married,67433,28,259,12,48
9592,1983,Graduation,Together,22010,2,9,3,0
8957,1952,2n Cycle,Single,64831,86,249,75,86
9308,1954,Graduation,Married,62820,61,265,138,61
544,1954,Graduation,Married,62820,61,265,138,61
5989,1959,2n Cycle,Divorced,78353,122,476,39,153
635,1966,Master,Married,57183,5,64,7,0
6673,1965,Graduation,Single,23478,6,27,12,17
1710,1978,Graduation,Single,30168,20,66,0,12
523,1989,Graduation,Married,37155,0,26,7,15
8977,1985,Basic,Single,16581,3,4,2,3
9736,1980,Graduation,Married,41850,5,19,2,13
1544,1967,Master,Divorced,81380,68,689,224,68
6575,1981,Graduation,Together,56386,48,214,13,32
6147,1971,Graduation,Divorced,25818,2,8,2,2
6354,1984,Graduation,Together,15345,2,16,3,2
4769,1977,Master,Together,57954,4,24,0,0
7540,1952,Graduation,Married,50300,15,60,24,23
5247,1955,PhD,Married,38725,0,6,2,1
5987,1989,2n Cycle,Together,10404,2,11,10,6
9960,1991,Basic,Single,26868,0,1,8,3
10972,1949,Graduation,Widow,72298,35,169,58,17
1399,1958,Graduation,Married,72905,114,445,181,165
2698,1976,Graduation,Single,47025,7,108,20,0
6340,1985,Graduation,Single,29938,3,7,0,2
4107,1948,PhD,Together,46681,15,69,15,19
10906,1948,PhD,Together,46681,15,69,15,19
2557,1970,Master,Single,29548,1,6,3,1
8786,1956,Master,Married,62058,7,74,10,0
7187,1969,Master,Together,,42,48,94,66
6119,1963,PhD,Single,36736,0,3,0,0
2980,1952,Master,Single,8820,0,13,4,2
3850,1963,Basic,Together,14918,3,3,15,4
1077,1974,Graduation,Together,56715,105,239,237,172
9733,1978,Basic,Together,24882,4,10,29,0
8462,1978,Basic,Together,24882,4,10,29,0
4764,1952,Master,Together,40442,12,52,25,22
2223,1965,2n Cycle,Divorced,64176,33,249,64,116
7788,1983,PhD,Married,23536,0,3,0,0
5827,1958,Graduation,Divorced,35246,0,12,2,2
2958,1978,Graduation,Married,28442,3,10,11,8
4954,1956,Graduation,Married,48195,27,68,52,7
3139,1982,2n Cycle,Single,74116,111,704,145,55
9952,1947,Master,Together,78093,32,639,13,43
8180,1952,Master,Divorced,59354,2,53,3,5
3276,1976,2n Cycle,Together,36301,12,35,3,5
4994,1943,Master,Single,77598,33,281,129,66
3598,1972,Graduation,Married,62710,35,83,7,29
945,1965,Graduation,Together,36317,3,25,3,2
5048,1971,PhD,Single,42767,6,43,19,5
6214,1982,Master,Married,43815,10,29,4,7
6230,1971,Graduation,Divorced,44421,5,59,7,1
2968,1943,PhD,Divorced,48948,8,206,160,49
8800,1943,PhD,Divorced,48948,8,206,160,49
1907,1950,Master,Divorced,63120,69,279,54,41
10478,1950,PhD,Married,55517,0,108,0,6
4188,1957,Graduation,Single,36864,5,39,17,0
8720,1978,2n Cycle,Together,,2,1607,12,4
2225,1977,Graduation,Divorced,82582,120,550,156,40
4790,1958,Graduation,Divorced,79803,8,216,21,16
1131,1967,PhD,Single,52569,0,3,0,0
202,1948,PhD,Widow,82032,194,377,149,125
9589,1948,PhD,Widow,82032,194,377,149,125
3900,1972,Graduation,Married,65685,14,49,0,7
9958,1972,Graduation,Married,65685,14,49,0,7
8955,1957,PhD,Together,40451,0,4,0,0
10033,1973,2n Cycle,Divorced,31163,3,10,11,2
5751,1973,2n Cycle,Divorced,31163,3,10,11,2
3308,1952,Graduation,Married,35704,9,12,2,11
7297,1973,Graduation,Single,7500,3,10,12,7
8008,1983,Graduation,Together,36075,0,30,12,1
1232,1982,PhD,Together,70038,54,348,71,54
2345,1982,PhD,Together,70038,54,348,71,54
1628,1971,Graduation,Together,71796,21,311,167,75
5081,1967,2n Cycle,Together,47821,0,16,6,6
839,1975,PhD,Married,45503,4,44,6,1
3706,1978,Graduation,Single,28647,8,29,0,12
5154,1972,Master,Divorced,37760,3,13,2,10
8584,1952,PhD,Together,85431,53,462,168,53
6583,1955,2n Cycle,Married,72635,22,323,104,35
3433,1955,2n Cycle,Married,72635,22,323,104,35
10486,1948,Graduation,Married,77142,75,162,29,151
8687,1978,Graduation,Together,53172,62,90,68,20
7842,1968,Graduation,Single,36065,7,34,10,2
3749,1973,Graduation,Together,73926,91,597,159,91
1331,1977,Graduation,Single,35790,6,20,30,1
5995,1962,Graduation,Divorced,39552,3,147,4,24
8985,1964,2n Cycle,Together,68316,80,161,120,11
2798,1977,PhD,Together,102160,29,138,76,176
7108,1965,Master,Widow,51390,20,47,23,2
2781,1981,Graduation,Single,72066,34,536,134,51
3623,1976,Graduation,Together,21675,0,16,17,4
194,1965,Graduation,Married,48006,0,11,3,2
10833,1975,Graduation,Married,65106,19,133,12,0
2315,1960,Graduation,Divorced,58401,0,11,17,29
6336,1960,Graduation,Married,29315,2,14,8,7
10738,1951,Master,Single,49389,0,19,2,1
8286,1965,PhD,Together,51717,1,17,0,1
2166,1960,2n Cycle,Widow,46779,1,3,0,0
10691,1960,Master,Married,28520,0,10,0,2
9739,1963,Graduation,Single,34377,0,22,3,1
1829,1961,PhD,Divorced,54959,0,60,0,0
6260,1955,Master,Together,82384,51,432,180,120
10448,1956,Graduation,Single,46998,41,86,45,6
1343,1968,Graduation,Together,58554,24,68,38,0
4749,1968,Graduation,Together,58554,24,68,38,0
531,1954,PhD,Divorced,57333,14,397,76,58
6905,1994,Graduation,Together,80685,45,604,34,26
1045,1965,Graduation,Together,52117,10,107,30,0
4012,1972,PhD,Together,62220,12,375,16,12
5529,1946,PhD,Together,64014,0,30,0,0
4001,1946,PhD,Together,64014,0,30,0,0
10420,1955,Master,Divorced,46390,14,64,2,9
7723,1979,Graduation,Together,75507,93,374,104,80
2963,1979,Graduation,Together,75507,93,374,104,80
10634,1951,Master,Married,59412,67,165,30,43
5180,1968,PhD,Divorced,50616,0,16,0,1
6866,1969,Master,Together,35924,0,14,2,3
1328,1982,2n Cycle,Married,57937,42,144,55,48
1139,1984,PhD,Married,73356,14,322,0,14
4961,1974,Master,Together,21255,0,25,2,2
5177,1974,Master,Married,58494,7,68,4,0
2075,1969,Graduation,Married,72460,10,540,80,30
3428,1991,PhD,Together,68682,0,505,99,30
4500,1991,PhD,Together,68682,0,505,99,30
7369,1981,Master,Married,36959,6,25,6,0
4381,1971,PhD,Married,46463,2,40,8,11
9964,1979,Graduation,Single,61825,50,100,55,30
1630,1979,Graduation,Single,61825,50,100,55,30
5012,1989,Graduation,Married,28691,4,13,8,0
6918,1989,Graduation,Married,28691,4,13,8,0
7822,1976,Graduation,Together,54058,18,252,32,108
10156,1975,Graduation,Single,84196,63,507,231,31
3033,1963,Master,Together,38620,17,44,34,22
4119,1963,Master,Together,38620,17,44,34,22
11110,1973,Graduation,Single,3502,1,1,0,0
332,1957,Graduation,Married,47743,2,43,0,12
737,1949,PhD,Married,80360,86,454,112,43
10319,1971,Graduation,Married,66303,12,96,16,12
2683,1969,Graduation,Married,52413,106,271,75,98
3445,1956,Graduation,Single,60714,162,224,101,92
10913,1984,Master,Single,31385,2,12,0,1
4427,1995,2n Cycle,Single,83257,27,590,38,107
8717,1975,PhD,Married,80427,71,449,69,71
2066,1949,Graduation,Together,38823,0,11,2,8
3340,1977,Graduation,Married,42014,15,108,4,15
8685,1977,Graduation,Married,42014,15,108,4,15
4149,1948,PhD,Together,76140,66,653,17,0
8726,1964,2n Cycle,Divorced,41713,8,44,10,10
2295,1954,PhD,Married,62670,30,92,80,46
3283,1972,2n Cycle,Married,70932,193,100,46,185
1915,1951,PhD,Married,78939,115,243,150,0
800,1960,Graduation,Together,44512,1,6,0,0
9166,1968,Graduation,Married,63967,84,141,73,35
5147,1948,Graduation,Single,90842,70,118,182,187
13,1947,PhD,Widow,25358,0,5,0,0
8557,1982,Graduation,Single,,3,22,2,2
8724,1982,Graduation,Single,28567,3,22,2,2
9381,1978,Graduation,Married,66373,9,124,12,24
9384,1978,Graduation,Married,66373,9,124,12,24
3560,1952,Graduation,Together,83844,31,345,75,31
241,1952,Graduation,Together,83844,31,345,75,31
7521,1952,Graduation,Together,83844,31,345,75,31
9799,1968,PhD,Divorced,83664,21,151,28,21
5123,1951,Master,Married,27450,12,23,8,11
448,1978,PhD,Single,54880,85,137,102,45
4837,1965,PhD,Married,71322,43,226,69,10
9365,1976,PhD,Single,60000,0,217,0,0
8932,1969,Master,Together,65176,28,183,220,70
7055,1952,PhD,Together,61010,0,57,0,0
3537,1981,Graduation,Together,31089,3,31,2,8
9081,1988,Graduation,Single,20518,1,6,4,1
4988,1948,PhD,Married,34469,6,20,0,5
1050,1952,Graduation,Married,28332,10,13,4,15
5610,1965,Graduation,Together,33456,3,10,8,1
3526,1968,PhD,Married,38443,0,5,0,0
5136,1973,Graduation,Single,65333,7,92,0,15
1411,1952,Graduation,Divorced,82623,34,204,172,153
701,1971,Graduation,Married,73691,21,250,85,43
6203,1947,Graduation,Together,74485,149,815,173,49
7192,1955,Graduation,Together,65748,73,93,95,78
5181,1982,Basic,Single,24367,4,2,0,11
9220,1971,Graduation,Single,91700,172,961,125,115
7734,1993,Graduation,Absurd,79244,102,125,212,61
10446,1957,PhD,Married,82017,23,446,30,23
5524,1957,Graduation,Single,58138,88,546,172,88
3830,1953,Master,Married,59354,21,78,39,13
5186,1955,PhD,Married,58482,7,115,19,7
8514,1976,Graduation,Together,29478,0,7,3,1
7165,1972,Graduation,Together,64474,35,172,56,86
10236,1975,Master,Single,31160,3,25,6,1
2392,1972,Graduation,Married,40321,4,21,6,0
1920,1972,Graduation,Married,40321,4,21,6,0
3673,1971,Graduation,Single,55239,17,238,23,24
1453,1943,PhD,Widow,57513,40,183,52,20
4518,1979,Graduation,Together,85693,172,183,185,132
8969,1977,Graduation,Married,71855,31,422,0,112
387,1976,Basic,Married,7500,16,11,11,1
1079,1971,PhD,Married,71969,0,76,0,0
164,1977,PhD,Married,28973,0,46,3,2
3434,1951,Graduation,Single,80872,72,567,94,12
5721,1956,PhD,Married,84117,76,749,59,45
8418,1958,2n Cycle,Single,38741,10,17,8,6
5300,1973,Master,Married,38961,7,19,0,1
10424,1968,Graduation,Single,75922,138,553,224,23
11171,1965,Master,Married,56962,3,77,10,3
1600,1965,Master,Married,56962,3,77,10,3
7851,1949,Graduation,Widow,70165,0,253,199,191
10701,1973,Graduation,Married,65308,0,264,120,80
891,1951,Master,Together,29298,0,2,2,0
6912,1967,PhD,Married,63246,30,91,29,22
5967,1952,Graduation,Together,33402,2,19,10,5
2109,1990,Graduation,Single,96843,71,951,40,17
6292,1986,PhD,Married,82333,0,359,46,89
8537,1949,Graduation,Widow,72643,80,553,123,94
9576,1982,PhD,Together,32313,4,56,2,4
5935,1956,Master,Single,55284,7,140,0,7
10264,1979,Graduation,Divorced,15287,2,8,4,3
234,1979,Graduation,Divorced,15287,2,8,4,3
3202,1987,PhD,Married,51563,0,48,0,0
1103,1976,Master,Married,81929,55,278,49,0
610,1953,PhD,Together,53593,4,78,6,0
4480,1973,Master,Married,60432,3,15,4,3
10660,1957,Master,Married,66726,7,35,0,0
9353,1959,Graduation,Single,62450,47,267,62,66
4120,1975,2n Cycle,Single,49514,39,78,58,13
2836,1972,PhD,Married,43269,1,7,0,0
9579,1959,PhD,Married,33762,1,34,2,0
5841,1966,Graduation,Together,60894,7,155,10,0
3174,1959,Graduation,Together,87771,38,287,50,57
5536,1959,Graduation,Together,87771,38,287,50,57
2061,1955,Graduation,Married,50737,0,11,0,0
8477,1956,Graduation,Divorced,26150,1,13,3,5
640,1951,Graduation,Married,57304,80,329,138,17
3828,1951,Graduation,Married,71107,10,217,198,174
4093,1975,Master,Together,53253,9,57,20,9
8624,1958,Graduation,Married,81320,33,493,59,103
2802,1992,2n Cycle,Married,87000,25,607,67,17
368,1974,Graduation,Married,40049,65,52,10,44
3599,1970,Graduation,Married,63684,80,428,208,93
3389,1970,Graduation,Married,69016,53,363,123,107
10710,1979,Graduation,Married,7500,2,3,3,0
7118,1957,Graduation,Married,73803,80,363,52,26
4937,1973,2n Cycle,Married,46094,2,20,3,2
1127,1973,PhD,Married,85844,19,843,25,95
833,1955,Master,Married,38452,0,14,0,0
3565,1955,Master,Married,38452,0,14,0,0
6086,1955,Graduation,Married,80395,25,706,80,76
1763,1988,Graduation,Together,87679,172,815,97,148
4697,1949,Master,Divorced,35416,3,81,4,3
182,1946,PhD,Together,44124,0,55,0,6
1165,1958,PhD,Single,50729,13,143,45,4
5386,1953,Graduation,Together,94384,24,790,160,45
6024,1953,Graduation,Together,94384,24,790,160,45
2678,1990,Graduation,Single,34412,12,50,4,36
5790,1985,Graduation,Married,31158,6,16,20,0
236,1951,Graduation,Married,34838,23,29,29,14
6001,1979,Graduation,Married,56775,35,160,58,35
6250,1949,PhD,Widow,54356,15,30,20,0
1168,1978,PhD,Married,72159,53,899,34,40
10749,1991,Graduation,Single,8028,18,66,7,12
2926,1952,Master,Together,55951,0,80,0,13
716,1949,PhD,Together,67911,0,356,63,28
6544,1949,PhD,Together,67911,0,356,63,28
4298,1973,PhD,Together,20427,0,4,0,0
5823,1970,PhD,Single,32303,0,2,0,0
8375,1968,PhD,Married,55954,0,28,0,0
5723,1976,PhD,Together,49187,1,31,2,1
5763,1972,Master,Together,49854,17,171,39,0
8727,1978,Graduation,Divorced,63693,43,337,42,87
3056,1978,Graduation,Divorced,63693,43,337,42,87
8442,1985,Master,Married,19510,0,7,3,4
3712,1959,Graduation,Divorced,52332,5,33,7,0
10722,1973,Graduation,Together,55593,8,124,11,4
2406,1949,Graduation,Together,54591,4,94,12,9
7313,1949,2n Cycle,Widow,74859,73,614,133,102
2656,1971,Graduation,Divorced,40851,1,7,0,4
1993,1949,PhD,Married,58607,0,86,0,0
4136,1992,Basic,Single,7500,17,18,8,26
2928,1975,PhD,Single,52614,0,142,12,9
2920,1975,PhD,Single,52614,0,142,12,9
6661,1974,Graduation,Married,67445,80,217,29,80
5462,1974,Graduation,Married,67445,80,217,29,80
10897,1974,Graduation,Married,67445,80,217,29,80
10542,1968,PhD,Married,36778,4,34,2,4
5756,1983,Graduation,Together,39453,0,7,0,0
3570,1969,PhD,Together,42731,2,51,6,2
1072,1965,PhD,Single,40760,0,17,0,0
9606,1965,PhD,Married,69969,29,514,38,29
2730,1955,Graduation,Single,80317,11,387,149,91
2995,1957,Master,Together,66636,10,689,84,10
8210,1975,Master,Married,54730,3,17,4,7
773,1971,Master,Divorced,42835,4,93,12,9
5272,1965,Master,Married,53843,0,88,19,4
5125,1960,Graduation,Married,79530,0,815,129,42
4391,1968,Master,Divorced,63841,15,100,20,7
6283,1968,Master,Divorced,63841,15,100,20,7
3421,1968,Master,Divorced,63841,15,100,20,7
5731,1983,Master,Married,27100,0,13,2,0
7152,1983,Master,Married,27100,0,13,2,0
3919,1976,Master,Single,72309,0,883,50,38
6097,1959,Graduation,Single,50664,8,104,6,4
5150,1979,Basic,Single,20194,4,7,11,10
10479,1975,PhD,Married,76618,40,294,121,160
5966,1974,PhD,Married,45207,0,10,0,0
3439,1972,Graduation,Married,56721,6,39,6,13
6609,1966,Graduation,Widow,27038,26,25,17,23
5393,1977,Graduation,Single,23763,0,6,6,2
9014,1975,Graduation,Married,37085,1,16,2,0
4050,1966,Master,Married,49605,16,29,12,20
6862,1971,Graduation,Divorced,1730,1,3,1,1
8315,1995,Graduation,Single,34824,2,11,2,0
5184,1995,Graduation,Single,34824,2,11,2,0
3643,1974,Master,Married,63206,8,125,11,8
2589,1972,Graduation,Divorced,26759,3,16,8,5
4887,1976,PhD,Divorced,55412,5,28,11,1
10104,1974,Graduation,Together,33590,0,2,0,0
3254,1971,Graduation,Married,70886,70,239,103,88
2004,1969,Graduation,Single,72679,54,260,127,54
6142,1943,Master,Married,65073,17,177,69,0
8553,1965,Graduation,Married,44300,0,9,0,0
9805,1953,Master,Together,56129,48,133,39,72
849,1953,Master,Together,56129,48,133,39,72
1606,1971,Graduation,Together,38590,1,8,4,3
125,1958,2n Cycle,Together,53083,7,33,3,0
9305,1976,2n Cycle,Single,79689,26,640,180,37
4706,1966,Graduation,Single,34704,0,5,0,1
4437,1962,Graduation,Married,65316,6,92,3,9
3081,1978,PhD,Married,41014,2,6,2,0
3536,1960,Graduation,Together,19740,11,3,10,4
8686,1979,Basic,Together,23724,23,15,0,18
9707,1969,PhD,Married,55212,0,45,0,0
10872,1969,PhD,Married,55212,0,45,0,0
9058,1955,Graduation,Widow,79800,21,530,32,0
4640,1967,Graduation,Divorced,70647,85,171,25,123
2525,1974,PhD,Married,38410,64,123,116,64
9503,1980,Graduation,Single,28071,33,130,41,26
10704,1969,Graduation,Single,54803,0,92,28,27
2669,1993,Graduation,Single,74293,152,335,93,91
10037,1993,Graduation,Single,74293,152,335,93,91
5680,1984,2n Cycle,Married,35684,4,7,0,6
3726,1986,PhD,Together,34320,1,9,3,0
4548,1981,Graduation,Single,41967,4,10,0,2
4599,1976,Master,Married,49681,0,26,0,0
879,1976,Master,Married,49681,0,26,0,0
7409,1970,Graduation,Together,53187,2,30,7,7
1964,1951,Graduation,Together,86610,107,768,33,196
0,1985,Graduation,Married,70951,10,554,254,87
4860,1970,Graduation,Single,24206,2,8,3,2
425,1985,Graduation,Married,55357,64,116,84,25
9500,1959,Graduation,Married,58113,104,169,102,78
3074,1984,PhD,Married,70643,107,304,23,143
5140,1985,PhD,Married,64355,0,140,67,38
2611,1959,Master,Together,82576,55,445,168,18
916,1972,PhD,Single,41644,3,4,2,0
10413,1984,Graduation,Married,72570,83,216,151,141
3696,1965,Graduation,Divorced,30630,1,12,2,0
304,1981,Master,Single,22944,3,19,4,5
5113,1971,PhD,Divorced,86979,100,835,65,83
2863,1970,Graduation,Single,,20,172,52,50
4597,1970,PhD,Together,82072,55,685,168,92
675,1973,Master,Divorced,52034,0,93,7,13
4483,1993,Graduation,Single,72354,26,473,220,12
1502,1983,Graduation,Together,28427,3,19,3,3
736,1983,Graduation,Together,28427,3,19,3,3
4487,1969,Master,Single,39858,20,25,2,7
3412,1951,Master,Married,67381,8,53,11,0
1744,1965,Basic,Single,23529,7,13,3,2
5837,1967,Graduation,Married,51479,8,160,6,8
3422,1975,Graduation,Married,76068,12,128,33,12
7462,1954,Graduation,Single,22507,0,226,51,157
10702,1984,Graduation,Single,52413,8,133,56,56
2115,1957,Graduation,Together,50116,0,10,0,0
4138,1962,Graduation,Single,76624,106,147,54,115
11091,1953,Graduation,Together,34587,2,9,2,0
7712,1946,PhD,Single,62159,17,259,77,70
3535,1965,Graduation,Single,66294,108,334,65,92
5899,1950,PhD,Together,5648,0,6,1,1
8749,1984,Graduation,Together,37235,2,9,4,6
10955,1964,Graduation,Widow,85620,46,925,60,107
9491,1984,Graduation,Together,23976,1,21,2,3
5286,1987,Master,Single,41020,1,54,7,7
3409,1984,Graduation,Single,36108,8,129,3,11
2544,1951,Master,Divorced,57530,1,27,6,7
2118,1964,2n Cycle,Married,62905,75,96,119,107
9370,1945,PhD,Married,65846,81,276,80,40
4864,1977,Graduation,Married,34380,7,58,13,1
405,1964,Graduation,Divorced,41638,0,31,4,0
10513,1992,Graduation,Together,63207,169,565,91,169
5138,1950,Graduation,Together,28320,1,14,3,2
8387,1957,Graduation,Married,43140,8,76,6,0
378,1971,Graduation,Married,52531,112,151,51,72
5846,1977,Graduation,Divorced,40246,1,6,2,1
8870,1984,Graduation,Together,35196,12,141,43,39
10340,1984,Graduation,Together,35196,12,141,43,39
7290,1985,Graduation,Single,70596,44,534,17,0
8895,1985,Graduation,Single,70596,44,534,17,0
3635,1962,PhD,Single,52597,0,37,7,0
11178,1972,Master,Single,42394,2,10,0,1
2410,1969,Graduation,Single,81657,40,425,158,60
3281,1960,PhD,Married,49154,10,67,30,27
9905,1952,Graduation,Together,34074,1,41,10,1
2437,1989,Graduation,Married,,138,461,60,30
2565,1955,Master,Divorced,70638,12,215,16,12
7912,1978,Graduation,Married,38136,15,27,0,20
7072,1973,Graduation,Married,67432,79,341,177,136
1409,1951,Graduation,Together,40689,3,27,39,6
5314,1951,Graduation,Together,40689,3,27,39,6
7215,1983,Graduation,Single,101970,27,102,44,72
8858,1972,PhD,Married,44325,0,21,0,0
895,1948,PhD,Married,61467,16,114,0,5
10313,1975,Graduation,Married,48178,4,45,6,2
642,1980,Basic,Married,16005,3,2,20,30
8504,1973,Graduation,Married,79593,60,568,110,133
1020,1973,Graduation,Married,79593,60,568,110,133
3717,1959,Graduation,Married,61180,24,29,6,24
7646,1989,Graduation,Single,64449,63,282,137,35
5796,1963,Graduation,Married,77437,21,442,29,44
8625,1976,Graduation,Married,17649,1,23,0,5
5407,1954,Graduation,Together,53103,17,133,11,0
4356,1971,Graduation,Together,71819,28,140,0,14
2886,1971,Master,Divorced,74290,0,72,0,12
10057,1951,Graduation,Single,72282,27,419,90,139
10741,1951,Master,Together,47352,12,112,8,0
5491,1951,Master,Together,47352,12,112,8,0
4442,1961,Graduation,Single,46524,19,35,26,14
3972,1976,Graduation,Together,50200,6,51,8,6
2431,1990,Graduation,Married,18222,4,19,12,6
7899,1952,PhD,Married,77610,33,332,21,33
9703,1970,PhD,Married,38097,2,35,0,1
6927,1968,PhD,Married,44377,0,30,0,0
7005,1981,Graduation,Single,58684,35,179,28,7
246,1965,Graduation,Married,66480,9,57,20,21
4796,1952,Graduation,Divorced,49638,10,3,3,5
4725,1950,PhD,Together,50616,2,25,0,1
3286,1967,PhD,Divorced,26642,2,15,2,2
10680,1986,Graduation,Together,33235,0,16,2,1
4297,1969,Graduation,Together,23228,2,18,6,1
7327,1959,PhD,Married,36732,5,3,10,1
1553,1946,Graduation,Together,82657,168,672,246,105
1665,1964,PhD,Divorced,64140,0,61,0,15
10640,1974,Graduation,Together,44392,5,71,7,12
7620,1990,Basic,Single,16185,11,16,21,8
7761,1978,2n Cycle,Together,38702,11,24,13,8
5062,1963,PhD,Married,54072,0,4,0,0
6349,1987,Master,Divorced,61787,73,414,78,48
3386,1992,Graduation,Married,34935,4,66,3,10
8175,1992,Graduation,Married,34935,4,66,3,10
6245,1950,PhD,Together,59292,14,68,19,14
8780,1950,PhD,Together,59292,14,68,19,14
2276,1955,Graduation,Single,57959,16,322,43,24
1172,1983,PhD,Married,92491,44,935,29,25
3225,1984,Master,Married,42207,11,72,3,17
8629,1956,Graduation,Widow,46984,1,10,2,1
798,1987,Graduation,Single,23442,0,6,8,6
269,1963,PhD,Single,46757,30,163,0,51
8213,1980,2n Cycle,Together,14515,4,9,6,36
10245,1986,2n Cycle,Single,80910,80,369,67,39
2447,1979,Graduation,Together,30545,12,15,19,7
9817,1970,Master,Single,44802,10,143,13,10
1371,1976,Graduation,Single,79941,164,266,227,30
8093,1969,Master,Married,79734,8,232,23,62
713,1977,Master,Married,50353,15,153,67,31
11051,1956,PhD,Together,77376,19,110,16,12
5545,1972,PhD,Married,78075,8,259,34,35
5283,1976,PhD,Single,42473,1,21,0,4
5010,1988,Graduation,Single,25008,8,8,6,1
7495,1948,PhD,Married,56223,28,31,16,0
4368,1980,Graduation,Married,47850,7,43,20,12
6303,1986,PhD,Together,91820,73,747,76,161
1030,1965,PhD,Single,40637,0,13,0,0
10364,1959,Graduation,Divorced,23295,0,1,2,12
6945,1952,Graduation,Single,84574,20,713,38,54
8562,1969,Graduation,Together,54165,4,73,15,6
2918,1981,Graduation,Divorced,28510,5,19,0,4
9167,1956,Graduation,Married,67131,71,250,93,35
4743,1969,PhD,Married,56242,8,167,11,8
10742,1983,PhD,Married,86580,21,127,26,20
10965,1955,Graduation,Together,76005,20,389,240,50
7129,1962,PhD,Married,54693,17,142,23,26
3732,1955,Master,Married,52750,0,239,90,69
7124,1968,Graduation,Divorced,36997,4,12,8,0
10686,1965,PhD,Together,34230,0,4,0,0
7247,1960,Graduation,Widow,47916,0,26,0,0
1513,1979,2n Cycle,Together,60839,21,128,223,150
460,1972,PhD,Married,79930,86,740,67,51
6653,1970,PhD,Married,55158,0,87,4,11
9400,1958,2n Cycle,Single,85485,26,611,44,18
7106,1943,PhD,Married,75865,0,591,156,0
4252,1965,Graduation,Married,44375,5,28,7,7
9240,1971,PhD,Single,60504,0,24,6,4
10770,1959,Graduation,Married,65492,161,295,210,85
176,1980,2n Cycle,Single,67506,38,67,33,36
6870,1959,PhD,Divorced,68805,2,49,17,13
143,1970,Graduation,Single,61209,0,224,119,49
6445,1967,Graduation,Together,66825,101,405,29,40
4278,1983,PhD,Single,87188,111,724,49,74
6906,1953,Master,Widow,84953,48,602,63,72
4637,1954,PhD,Single,74637,64,464,146,0
8690,1962,Graduation,Married,86111,28,756,36,40
1173,1947,Master,Together,77632,105,758,0,42
1928,1973,Graduation,Married,31814,3,20,4,1
9029,1972,PhD,Married,70116,44,603,95,58
10299,1969,PhD,Single,48240,91,248,64,49
9246,1985,Master,Together,40101,3,129,26,24
4943,1953,Graduation,Married,70503,33,216,0,33
4122,1975,Graduation,Married,79205,23,117,179,28
2853,1980,Graduation,Single,51766,51,87,6,20
902,1980,Graduation,Together,62994,12,48,4,12
1672,1974,PhD,Together,65640,7,149,20,15
7254,1969,Graduation,Together,38361,0,56,20,8
8775,1969,Graduation,Together,38361,0,56,20,8
9543,1985,Graduation,Married,19986,6,5,0,2
7093,1985,Graduation,Married,19986,6,5,0,2
2894,1985,Graduation,Single,72903,138,750,0,19
5956,1948,PhD,Divorced,45072,2,99,7,2
1921,1967,PhD,Married,59062,1,12,3,0
5057,1961,Master,Married,61794,47,188,54,47
10260,1965,Master,Together,45143,5,74,11,5
2262,1965,Master,Together,45143,5,74,11,5
7930,1969,Master,Single,26877,13,76,20,18
1461,1965,PhD,Divorced,36921,1,12,3,1
7514,1956,2n Cycle,Together,54342,10,34,11,10
6461,1969,Master,Single,62772,49,157,43,8
257,1959,PhD,Married,75032,12,180,47,12
9460,1963,Graduation,Married,22419,3,47,19,21
3855,1963,Graduation,Married,22419,3,47,19,21
367,1978,2n Cycle,Married,36550,90,94,123,103
9265,1953,Graduation,Married,75027,64,179,133,12
1990,1974,PhD,Single,63159,34,586,89,86
3594,1973,Master,Married,54108,6,91,8,6
9292,1952,Graduation,Married,81795,132,693,27,118
6218,1965,Graduation,Married,59594,4,29,0,0
6528,1982,Master,Together,18492,2,2,2,1
10164,1958,Graduation,Single,94472,33,417,108,100
9937,1979,Graduation,Single,70337,81,149,25,43
274,1973,Graduation,Single,34853,3,15,2,3
5250,1943,Master,Widow,,126,490,164,126
11010,1984,PhD,Single,16269,3,18,3,1
6969,1982,Graduation,Together,50272,13,66,43,8
10735,1971,Graduation,Single,22804,1,7,2,1
5068,1971,Graduation,Single,22804,1,7,2,1
9974,1974,Graduation,Married,30631,6,20,4,5
7053,1966,PhD,Single,78420,28,674,91,28
3179,1980,Graduation,Single,81741,153,940,58,134
8082,1971,Graduation,Married,25721,3,6,3,6
1362,1972,Graduation,Single,31907,87,64,175,16
6768,1962,Graduation,Divorced,37859,1,8,2,1
2375,1972,Graduation,Together,30261,0,5,0,3
6856,1979,Graduation,Together,21645,0,23,4,5
4066,1978,2n Cycle,Divorced,21282,5,8,4,8
4333,1954,Graduation,Together,32144,0,10,0,0
2948,1954,Master,Divorced,62637,12,48,4,12
4927,1971,Graduation,Together,16626,3,22,21,1
7426,1971,2n Cycle,Married,54690,16,37,7,9
8360,1971,2n Cycle,Married,54690,16,37,7,9
4058,1955,PhD,Single,61284,15,106,20,7
10755,1976,2n Cycle,Married,23718,3,14,15,7
8414,1962,PhD,Single,33419,0,12,0,0
6810,1983,Graduation,Divorced,82025,98,606,48,70
3839,1958,Basic,Single,15056,12,3,21,6
3483,1958,Graduation,Married,48192,43,204,153,58
238,1967,2n Cycle,Together,67309,47,181,149,95
591,1957,Graduation,Widow,66033,35,179,46,59
5063,1977,Graduation,Single,28769,5,129,10,3
4303,1957,PhD,Together,6835,2,12,2,2
2258,1986,Graduation,Married,32880,4,15,7,6
7301,1982,2n Cycle,Single,23616,22,11,3,7
11121,1981,Graduation,Married,19419,14,28,16,3
5287,1973,Graduation,Married,34961,2,26,4,1
6457,1976,Graduation,Divorced,64892,24,230,32,24
3559,1988,2n Cycle,Married,16248,11,10,3,12
5577,1983,Graduation,Together,43776,0,9,2,1
641,1967,Graduation,Single,52074,0,12,0,0
954,1960,Basic,Widow,22123,3,24,34,7
1834,1978,Master,Single,35544,5,23,4,1
8789,1989,2n Cycle,Married,59060,40,111,36,40
10584,1976,Graduation,Married,65665,162,387,106,36
2337,1971,Graduation,Divorced,29819,1,24,2,1
6071,1989,Graduation,Single,81217,70,324,146,40
295,1989,Graduation,Single,81217,70,324,146,40
10203,1990,Graduation,Single,26095,7,9,3,1
3968,1970,2n Cycle,Divorced,65706,10,129,13,0
4037,1976,Graduation,Divorced,31859,1,3,8,0
6932,1941,PhD,Married,93027,42,716,55,0
10159,1970,Graduation,Divorced,58710,81,368,0,122
1177,1966,Master,Together,49618,3,26,4,2
9426,1964,Master,Single,58308,0,69,10,0
10637,1964,Graduation,Married,40800,0,27,8,30
10826,1959,Graduation,Married,18690,1,7,23,4
4086,1959,Graduation,Married,18690,1,7,23,4
10304,1959,Graduation,Married,18690,1,7,23,4
7998,1958,Graduation,Together,28087,8,17,13,0
10992,1967,Graduation,Together,75702,28,353,45,42
6383,1971,PhD,Together,32892,0,15,2,1
10536,1971,PhD,Together,32892,0,15,2,1
6036,1959,Master,Together,89120,92,408,72,129
11092,1961,Graduation,Married,27116,1,21,2,2
538,1989,Graduation,Single,46107,9,27,16,9
10022,1973,PhD,Single,54466,0,4,0,0
10157,1965,Graduation,Single,59686,15,89,34,42
3503,1950,Graduation,Divorced,82460,47,573,52,32
146,1960,PhD,Single,76045,53,400,17,93
5538,1975,Graduation,Divorced,83829,161,430,186,161
3910,1975,Graduation,Divorced,83829,161,430,186,161
4227,1968,Master,Together,32889,0,13,4,2
6634,1979,Master,Divorced,33462,3,18,0,0
8916,1975,Graduation,Divorced,36627,1,5,0,0
6460,1982,Graduation,Married,28718,4,6,11,8
5883,1972,Graduation,Married,77981,120,204,16,126
10091,1956,Graduation,Single,60230,20,367,39,81
697,1969,Graduation,Together,74918,59,913,25,19
2607,1953,Graduation,Single,40464,17,118,7,23
8427,1956,Master,Single,64857,14,717,210,0
217,1956,Master,Single,64857,14,717,210,0
6202,1960,Graduation,Together,63381,50,142,33,50
3856,1960,Graduation,Together,63381,50,142,33,50
10648,1982,2n Cycle,Together,66664,96,447,220,96
5120,1982,2n Cycle,Together,66664,96,447,220,96
6749,1966,Graduation,Single,86358,47,494,82,47
1584,1977,Graduation,Married,41443,7,171,25,19
9559,1961,PhD,Married,57072,0,60,0,0
771,1967,Graduation,Together,54178,9,39,4,0
5237,1950,PhD,Single,48767,1,21,3,0
2461,1955,Master,Single,51124,1,11,0,1
5474,1970,Graduation,Single,43020,7,99,4,25
2895,1963,Graduation,Single,49980,1,54,13,9
7972,1955,Graduation,Single,72906,32,519,71,75
10067,1976,2n Cycle,Together,25176,0,4,0,0
500,1977,Graduation,Together,96876,43,735,40,194
922,1979,2n Cycle,Married,31086,2,11,3,0
2861,1983,Graduation,Single,24072,1,6,3,0
375,1954,Graduation,Divorced,76773,56,449,86,33
10936,1965,Graduation,Married,72190,166,597,172,166
10314,1948,PhD,Married,83837,66,119,86,89
4240,1978,Graduation,Married,17345,9,16,17,0
2674,1958,Master,Single,75154,10,205,160,143
2563,1961,Basic,Married,28249,9,7,2,14
8312,1961,Basic,Married,28249,9,7,2,14
6999,1980,Master,Married,69661,16,106,32,16
7574,1979,PhD,Together,27922,0,13,2,4
5223,1966,Master,Together,45903,8,10,2,10
2952,1977,Master,Single,36273,3,30,3,2
7683,1968,Master,Married,70777,35,113,0,7
9481,1976,Graduation,Married,17148,9,11,13,10
9907,1969,Master,Together,66476,28,152,25,9
5454,1979,Master,Married,45057,0,7,3,0
3798,1968,Graduation,Married,41120,2,23,0,8
7281,1959,PhD,Single,,11,50,3,2
4259,1986,Master,Single,19485,0,4,0,0
2549,1983,PhD,Together,21840,0,9,0,0
6437,1985,2n Cycle,Single,41473,8,20,15,3
2488,1956,2n Cycle,Divorced,31395,1,25,0,8
3945,1947,PhD,Widow,68117,44,215,0,17
702,1975,2n Cycle,Widow,47682,61,83,97,57
9010,1972,Master,Married,83151,147,842,137,42
9710,1969,PhD,Divorced,58086,7,62,0,0
1509,1958,PhD,Together,84460,27,103,106,54
9120,1962,Graduation,Single,66565,10,161,65,40
5252,1969,Graduation,Divorced,23910,12,18,7,1
5959,1968,Graduation,Single,35893,0,23,0,0
7441,1973,Graduation,Divorced,71128,159,447,20,0
4271,1989,2n Cycle,Together,38683,35,69,84,41
4095,1971,Graduation,Married,37150,37,64,49,34
8852,1976,Graduation,Married,61064,126,342,0,45
7698,1976,PhD,Married,51650,3,22,2,5
4174,1956,Master,Together,55249,1,19,2,0
3182,1973,PhD,Single,46854,1,79,7,1
193,1996,Basic,Married,14421,0,2,3,3
5229,1969,PhD,Together,54132,1,8,0,0
5555,1975,Graduation,Divorced,153924,1,1,1,1
7732,1978,Graduation,Married,64813,0,124,179,97
310,1970,Master,Married,61872,5,159,36,27
6261,1979,Graduation,Married,58025,31,88,11,48
6274,1948,Master,Married,83790,16,417,42,48
1655,1979,Graduation,Together,34350,3,15,2,1
2740,1958,PhD,Widow,33438,1,16,3,2
4328,1986,2n Cycle,Married,21955,1,7,17,14
17,1971,PhD,Married,60491,47,237,12,19
9153,1964,PhD,Married,59304,61,428,80,51
520,1974,Graduation,Married,34421,3,7,6,2
8372,1974,Graduation,Married,34421,3,7,6,2
73,1953,PhD,Single,51411,0,3,0,0
2002,1958,Graduation,Divorced,71964,51,932,180,34
6059,1953,PhD,Together,64504,36,168,16,0
11166,1961,Graduation,Married,49678,5,56,3,2
6257,1976,Master,Single,60482,43,134,37,14
9224,1972,PhD,Single,55260,8,53,11,0
8732,1969,Master,Widow,67369,0,70,37,14
955,1962,Master,Together,47175,2,44,6,2
4910,1967,Graduation,Divorced,68743,134,384,175,134
564,1981,PhD,Together,56937,8,125,11,8
8931,1986,Graduation,Together,83033,99,431,237,149
1998,1976,Graduation,Single,37697,6,21,11,4
1250,1976,Graduation,Single,37697,6,21,11,4
8397,1951,Graduation,Married,44689,0,5,0,0
9672,1970,2n Cycle,Married,23162,3,9,19,4
2125,1959,Graduation,Divorced,63033,61,480,225,112
5975,1967,PhD,Single,40304,0,17,0,0
983,1984,Graduation,Married,40059,29,92,28,10
9938,1954,Graduation,Married,80067,17,813,27,173
4385,1981,PhD,Single,36038,0,15,0,2
1612,1981,PhD,Single,,0,15,0,2
803,1968,Graduation,Together,40521,0,5,0,0
10675,1956,PhD,Married,66334,11,218,0,0
7004,1984,Graduation,Single,11012,3,26,7,1
4432,1976,Graduation,Divorced,31615,3,20,6,11
5079,1971,Graduation,Married,,1,16,0,0
4475,1949,PhD,Married,69098,22,780,145,0
10868,1951,Graduation,Widow,70792,45,654,104,11
6742,1979,Graduation,Married,17688,2,1,3,1
5692,1989,Basic,Married,25443,4,3,8,9
339,1972,PhD,Married,57091,0,24,6,0
10398,1981,2n Cycle,Single,24336,6,2,8,2
8017,1981,2n Cycle,Married,51111,0,19,6,5
3722,1972,Graduation,Single,44503,1,8,0,0
7326,1971,Master,Married,56850,1,19,2,7
2416,1969,PhD,Single,66582,25,420,16,38
1878,1985,2n Cycle,Married,23148,6,8,6,3
5278,1964,Graduation,Married,82224,26,360,138,31
5734,1974,PhD,Married,61917,4,36,2,2
4370,1966,Graduation,Together,43482,1,32,6,3
8405,1979,Graduation,Divorced,68274,25,51,23,25
7617,1974,Graduation,Single,42373,5,61,3,8
10339,1954,Master,Together,,0,22,0,0
6376,1979,Graduation,Single,57537,56,139,51,8
2150,1958,PhD,Widow,80995,28,409,73,56
7386,1976,Graduation,Divorced,30992,0,14,7,3
3006,1976,Graduation,Divorced,30992,0,14,7,3
11088,1971,PhD,Together,78642,0,322,46,35
5185,1955,Graduation,Married,74268,66,315,97,174
3523,1962,Graduation,Together,75072,34,309,0,22
55,1963,Graduation,Together,56253,0,65,7,11
3807,1955,Graduation,Together,59925,21,176,19,21
2453,1960,Graduation,Together,62807,28,135,10,21
7787,1960,Graduation,Together,62807,28,135,10,21
2230,1970,PhD,Married,23626,2,14,0,0
8146,1976,Master,Together,46106,0,8,2,0
988,1965,Graduation,Married,81168,0,592,147,22
4832,1979,Graduation,Married,27244,5,17,3,24
3152,1957,Graduation,Together,26091,10,19,8,17
11188,1957,Graduation,Together,26091,10,19,8,17
361,1969,Master,Married,43142,1,7,2,1
5939,1971,Graduation,Together,38232,5,28,7,6
9349,1985,Graduation,Married,92533,21,118,110,147
819,1945,Graduation,Widow,63285,124,249,50,38
10120,1955,Graduation,Together,38946,6,82,6,6
4541,1955,Graduation,Together,38946,6,82,6,6
2456,1975,PhD,Married,40233,4,46,0,17
2516,1969,2n Cycle,Married,46831,2,10,6,4
11013,1987,Graduation,Together,67605,28,282,184,54
9988,1976,Master,Single,70379,25,142,65,67
1627,1957,2n Cycle,Divorced,77297,61,109,48,122
1490,1962,Graduation,Married,55759,0,85,10,7
6710,1951,Master,Single,58217,1,13,3,5
7375,1976,Graduation,Together,51369,7,79,0,11
10144,1976,Graduation,Together,51369,7,79,0,11
3138,1956,Graduation,Single,91249,27,119,71,108
1440,1978,2n Cycle,Together,52513,17,241,104,188
4200,1970,Master,Married,44159,2,62,24,13
4998,1962,Graduation,Together,76081,30,415,63,33
7321,1962,Graduation,Together,76081,30,415,63,33
8663,1974,Graduation,Divorced,39996,0,3,0,0
1958,1973,PhD,Together,55012,0,65,0,0
6963,1947,Graduation,Single,77457,11,400,15,45
1065,1963,Graduation,Single,80695,129,984,193,37
2712,1956,Graduation,Married,71866,178,178,103,39
6049,1982,Master,Together,73450,51,415,90,69
6605,1944,PhD,Divorced,55614,13,131,8,0
11181,1949,PhD,Married,156924,1,2,1,1
5234,1967,2n Cycle,Together,30753,5,25,0,9
5253,1956,Master,Together,54603,13,46,17,2
11148,1975,Graduation,Together,22280,1,4,3,1
6289,1951,Master,Together,59385,0,10,0,4
9743,1955,Graduation,Married,76998,89,161,69,35
9209,1971,Master,Together,80573,138,430,60,92
6417,1971,Master,Together,80573,138,430,60,92
7937,1982,Graduation,Married,24711,7,25,6,3
6488,1959,PhD,Married,38829,0,7,0,0
3194,1974,PhD,Single,71466,12,546,78,182
231,1956,Master,Together,28839,0,7,0,0
9697,1951,Graduation,Married,53790,42,127,28,5
4676,1951,Master,Widow,73705,91,520,258,107
8079,1982,Graduation,Married,22448,1,8,23,2
10032,1976,Graduation,Divorced,12571,5,14,2,12
10505,1960,Master,Together,73113,19,154,50,9
2005,1990,Graduation,Married,35765,3,30,0,5
6940,1966,PhD,Single,46734,1,39,6,1
2304,1963,PhD,Together,66313,7,99,10,22
3170,1957,Master,Together,68148,66,408,37,57
10466,1965,Graduation,Married,44393,2,20,2,2
7325,1986,PhD,Together,38197,0,11,2,1
455,1946,PhD,Married,51012,9,63,2,9
7592,1946,PhD,Married,51012,9,63,2,9
4547,1960,Graduation,Together,13672,2,9,2,1
6825,1953,Graduation,Together,41452,0,3,0,0
2961,1982,Graduation,Married,42081,10,110,54,6
8700,1986,Basic,Single,14906,7,14,7,16
2278,1985,2n Cycle,Single,33812,17,19,30,24
10703,1975,Master,Single,46098,0,27,0,0
9,1975,Master,Single,46098,0,27,0,0
2804,1975,Master,Single,46098,0,27,0,0
4915,1956,2n Cycle,Married,53230,72,98,136,21
3010,1989,Master,Together,88420,153,612,99,95
4279,1963,2n Cycle,Single,39548,4,10,3,4
2564,1953,Graduation,Together,61278,3,28,2,6
1137,1964,Graduation,Single,81246,190,537,61,156
5084,1975,Graduation,Widow,58330,53,213,104,98
7094,1975,Graduation,Widow,58330,53,213,104,98
6327,1967,Graduation,Together,65777,32,435,28,32
6131,1980,2n Cycle,Married,70829,70,106,72,19
5798,1973,Master,Together,,37,359,98,28
10379,1962,Master,Single,59247,9,122,19,14
606,1967,Graduation,Single,25930,1,2,2,0
7801,1959,Graduation,Together,54753,107,227,7,59
2445,1974,PhD,Together,28440,1,24,0,0
5346,1973,2n Cycle,Married,23559,5,19,7,0
550,1952,Graduation,Divorced,62335,131,217,85,6
4478,1979,Graduation,Married,63777,5,106,15,17
2350,1972,Graduation,Married,59666,53,178,23,17
1118,1956,Master,Married,50965,13,85,8,6
1491,1965,2n Cycle,Together,71488,33,124,40,28
4507,1952,Graduation,Single,72228,28,491,30,14
7023,1953,PhD,Single,46231,2,55,0,5
6977,1974,Graduation,Together,75702,0,629,145,37
4042,1971,Graduation,Divorced,43300,3,52,2,1
7274,1957,Graduation,Married,78618,163,818,212,163
2902,1958,Graduation,Together,,4,12,2,2
3332,1985,Graduation,Single,29760,4,68,7,5
7433,1985,Graduation,Single,29760,4,68,7,5
9386,1962,Graduation,Together,50127,0,21,4,6
5176,1988,Graduation,Together,29604,6,13,7,6
10323,1952,Graduation,Married,49413,7,41,3,2
4682,1958,Graduation,Married,51876,27,102,28,48
3083,1974,Graduation,Married,45837,13,87,17,17
8015,1962,PhD,Divorced,85696,76,395,116,0
1745,1962,PhD,Divorced,85696,76,395,116,0
3136,1962,Master,Divorced,59432,25,265,25,19
6991,1951,Graduation,Divorced,43185,6,42,16,6
8132,1975,PhD,Married,60631,6,65,0,6
503,1985,Master,Married,20559,1,29,3,0
8148,1956,Master,Together,50898,28,242,55,114
2736,1978,Graduation,Married,73807,124,156,71,78
8162,1956,Master,Together,14661,1,11,6,2
692,1954,Graduation,Together,36807,2,5,0,0
7706,1975,2n Cycle,Together,46772,104,189,197,151
9298,1947,PhD,Together,81574,0,465,46,35
2986,1976,Graduation,Married,30772,2,4,2,1
10812,1978,PhD,Married,46377,0,46,4,3
2909,1974,PhD,Married,78128,24,230,16,24
6974,1972,PhD,Together,83443,42,742,55,56
9140,1960,2n Cycle,Together,50523,4,24,4,7
4554,1965,Graduation,Together,47009,45,73,59,10
7791,1967,Master,Married,37054,1,6,0,1
5455,1971,PhD,Married,32011,0,15,2,1
7960,1962,2n Cycle,Together,82122,22,350,151,25
3426,1975,Graduation,Divorced,70300,61,338,60,46
5316,1976,Master,Together,21024,4,18,6,2
1404,1968,Graduation,Together,34916,23,82,33,0
10598,1967,Graduation,Together,27943,1,16,4,1
8212,1971,Master,Married,39791,15,27,13,13
3233,1965,PhD,Married,62745,21,464,28,10
7892,1969,Graduation,Single,18589,4,25,15,12
2975,1976,Graduation,Together,85606,42,864,219,30
5043,1951,Basic,Married,26997,23,78,133,49
3104,1961,Graduation,Single,82332,59,968,51,79
10854,1970,PhD,Married,38853,0,14,0,0
7419,1968,Master,Divorced,27071,3,19,0,2
5558,1954,PhD,Single,90933,31,430,62,63
832,1966,PhD,Together,65814,14,113,10,14
4964,1958,PhD,Together,74250,11,392,75,0
11030,1976,Master,Married,33181,0,3,0,0
4587,1944,Master,Widow,45006,25,53,16,0
450,1958,Master,Together,42315,15,80,17,11
11031,1950,PhD,Married,48699,1,10,2,0
4990,1954,Graduation,Married,59111,0,134,28,28
221,1955,Graduation,Married,48726,3,38,4,0
4351,1955,Graduation,Divorced,37244,2,10,0,0
1357,1970,Graduation,Together,74854,59,487,58,29
5667,1964,PhD,Married,60896,30,399,60,46
8867,1988,PhD,Married,67546,134,768,150,38
2747,1988,PhD,Married,67546,134,768,150,38
7422,1987,Graduation,Single,46923,44,54,102,78
4148,1972,Graduation,Married,38988,24,103,12,3
9516,1971,2n Cycle,Divorced,49118,54,239,99,98
1291,1978,PhD,Together,27683,9,121,12,12
1833,1974,PhD,Single,39190,8,18,19,8
7270,1981,Graduation,Divorced,56981,48,217,32,12
8182,1984,Graduation,Married,23228,3,49,7,4
10394,1984,Graduation,Married,90000,144,133,94,192
1142,1953,PhD,Married,55707,7,82,30,66
451,1989,Graduation,Single,9255,0,7,2,0
7128,1977,PhD,Single,42997,0,5,0,1
10678,1959,Graduation,Together,71232,17,170,34,26
7755,1954,PhD,Married,57744,3,39,0,0
4754,1966,Master,Married,33585,11,33,13,6
20,1965,2n Cycle,Married,46891,12,23,29,15
2246,1965,2n Cycle,Married,46891,12,23,29,15
10307,1956,Graduation,Married,50387,9,87,12,14
2147,1969,Graduation,Together,76653,63,946,219,189
10590,1956,PhD,Together,76542,73,573,0,29
6565,1949,Master,Married,76995,80,498,0,16
6619,1978,Graduation,Married,38415,1,13,4,0
4817,1956,Graduation,Divorced,22304,2,7,0,4
4508,1952,Graduation,Single,75127,35,305,46,17
4843,1952,Graduation,Single,75127,35,305,46,17
9197,1953,Graduation,Married,39722,0,5,2,0
6237,1966,PhD,Single,7144,4,33,5,2
6515,1977,Graduation,Together,39771,2,18,2,8
5954,1972,Master,Divorced,42618,14,74,13,5
7938,1958,PhD,Together,51518,8,66,17,4
961,1972,Graduation,Married,74716,27,421,13,195
1764,1975,Graduation,Single,33955,2,128,23,7
1916,1954,Master,Married,45736,3,180,20,3
6941,1971,Graduation,Single,31632,8,12,11,15
5562,1974,Graduation,Married,60093,12,109,16,6
1517,1969,Graduation,Single,30822,9,13,2,12
7286,1968,Graduation,Together,41728,6,15,3,5
4687,1958,Master,Married,80739,92,736,39,0
5631,1991,Graduation,Single,49767,47,197,55,42
1951,1981,Basic,Married,34445,122,122,208,129
123,1951,Graduation,Widow,67046,35,133,23,151
9451,1965,Graduation,Married,73538,76,428,99,137
7396,1966,Graduation,Married,80398,51,936,207,35
3298,1956,Master,Married,52973,0,76,12,9
6730,1954,Graduation,Married,38998,1,14,0,0
9916,1954,Graduation,Married,38998,1,14,0,0
2227,1958,2n Cycle,Together,26490,47,52,21,20
946,1958,2n Cycle,Together,26490,47,52,21,20
3745,1988,2n Cycle,Married,23331,36,7,0,10
4094,1961,Graduation,Married,60544,2,43,3,5
8588,1961,Graduation,Married,60544,2,43,3,5
3916,1971,PhD,Together,49269,8,166,11,8
9135,1950,Graduation,Together,27203,2,21,4,0
1755,1988,2n Cycle,Together,45204,11,25,29,1
2875,1978,Graduation,Married,67023,44,382,11,8
2008,1978,Graduation,Married,77583,23,384,250,12
10925,1983,Graduation,Married,76630,31,446,40,56
1604,1960,Master,Married,47353,2,19,8,8
5389,1964,Graduation,Married,48920,17,68,8,10
2878,1947,PhD,Married,67472,31,127,8,17
4440,1964,Master,Married,64100,0,27,0,0
1324,1988,Graduation,Married,38872,3,21,3,19
6262,1962,Master,Single,72217,42,450,55,56
3628,1987,Basic,Single,15038,8,11,19,12
3641,1976,Graduation,Married,13624,2,15,2,1
322,1978,Graduation,Together,42554,1,11,0,0
175,1986,Graduation,Married,71952,80,455,52,107
6988,1986,Graduation,Married,71952,80,455,52,107
8204,1971,2n Cycle,Married,78041,35,553,72,160
7476,1964,Master,Single,63972,63,254,0,12
5221,1957,Graduation,Married,52852,8,99,11,0
8970,1972,PhD,Married,62010,22,39,6,0
9286,1960,Master,Together,83151,28,100,120,74
5831,1967,Graduation,Married,77870,50,500,65,50
1010,1977,Graduation,Together,46931,0,17,3,1
11074,1977,Graduation,Single,85072,92,391,194,11
5896,1987,Master,Married,73395,7,80,20,7
3515,1952,Graduation,Single,62307,13,34,10,6
5324,1981,PhD,Married,58293,43,118,46,27
6534,1974,Graduation,Together,47889,0,29,0,5
8373,1979,Basic,Together,24594,3,6,10,0
3829,1979,Basic,Together,24594,3,6,10,0
4501,1965,Master,Single,69882,127,635,132,127
4179,1959,Graduation,Together,24221,9,9,2,5
2292,1985,Graduation,Single,22327,4,8,2,0
9239,1961,Master,Married,61923,4,18,3,3
8953,1965,Master,Single,35791,0,5,0,0
10258,1965,Master,Single,35791,0,5,0,0
3520,1990,Master,Single,91172,28,818,0,28
10402,1967,Graduation,Married,35441,1,9,2,1
11114,1970,Graduation,Together,19656,4,9,6,8
9553,1987,Graduation,Married,7500,2,3,4,1
6055,1979,Graduation,Married,71626,72,376,94,145
4786,1977,Graduation,Married,75330,82,257,93,61
5015,1976,Master,Married,34529,6,38,3,6
8560,1992,Graduation,Single,48789,16,156,7,5
3469,1977,PhD,Divorced,34487,18,33,24,1
5885,1973,2n Cycle,Married,35688,3,90,12,1
3310,1973,2n Cycle,Married,35688,3,90,12,1
2134,1952,Graduation,Single,53700,5,233,69,41
2532,1987,Master,Single,73454,73,351,56,14
2579,1957,Graduation,Married,71113,33,255,11,33
3117,1955,Graduation,Single,,0,21,12,6
5623,1980,Master,Married,31535,4,13,0,0
4789,1953,Graduation,Together,80812,22,500,210,143
9523,1982,Graduation,Together,40479,0,8,2,0
5268,1960,Graduation,Married,29440,8,14,10,4
1545,1986,Graduation,Married,38508,19,206,25,19
2254,1983,Graduation,Married,69520,120,414,121,80
2661,1964,Graduation,Single,18701,4,2,10,6
3130,1964,Graduation,Single,18701,4,2,10,6
5847,1969,Graduation,Divorced,69901,21,206,102,92
5863,1953,Graduation,Married,47703,0,134,13,26
999,1991,Graduation,Single,86037,44,125,29,20
2931,1978,Graduation,Divorced,71847,21,106,55,63
1890,1971,2n Cycle,Together,42033,1,4,2,0
5589,1964,Graduation,Divorced,51983,0,115,10,7
10172,1988,Graduation,Single,68655,19,832,75,118
6729,1988,Graduation,Single,68655,19,832,75,118
10492,1959,Graduation,Together,38285,0,5,2,0
2939,1970,Master,Together,79419,127,687,20,15
5948,1975,Graduation,Single,57338,6,52,11,8
574,1964,Graduation,Married,42523,36,11,3,26
3266,1964,Graduation,Married,42523,36,11,3,26
10500,1984,Graduation,Married,31761,1,20,16,14
7987,1969,Graduation,Married,65747,17,48,23,13
1135,1960,Master,Together,17144,2,19,0,2
24,1960,Master,Together,17144,2,19,0,2
7244,1951,Graduation,Single,,5,48,6,10
1966,1965,PhD,Married,84618,100,801,21,66
7789,1965,PhD,Married,84618,100,801,21,66
3336,1948,PhD,Together,66375,0,45,0,0
5644,1957,Graduation,Together,42213,3,24,4,3
1295,1963,Graduation,Married,,65,196,38,71
6663,1940,PhD,Single,51141,0,7,0,0
10262,1980,Graduation,Married,15072,2,15,0,10
456,1986,2n Cycle,Married,7500,11,5,4,6
3270,1978,2n Cycle,Together,17117,23,38,30,18
5748,1965,Graduation,Married,59754,27,44,4,146
8952,1953,Master,Married,65569,46,288,20,38
3921,1952,2n Cycle,Widow,28457,1,108,29,29
9826,1972,PhD,Single,86857,102,838,133,102
5830,1972,PhD,Single,86857,102,838,133,102
8310,1964,Graduation,Together,68142,126,196,91,112
6382,1953,Graduation,Together,48794,0,11,3,0
8439,1964,Graduation,Together,63404,26,70,11,44
7613,1974,2n Cycle,Together,49669,5,107,11,8
48,1964,Graduation,Together,55761,1,12,0,3
5046,1958,Graduation,Divorced,78331,138,354,160,169
3231,1973,Graduation,Married,37971,4,10,2,2
7181,1977,Graduation,Married,30368,0,13,2,0
1663,1978,PhD,Together,34043,2,14,3,0
5441,1965,PhD,Widow,54111,6,54,8,3
8602,1964,Graduation,Divorced,69932,172,153,150,105
9925,1981,PhD,Together,39665,1,56,0,1
9499,1954,Graduation,Married,93404,15,287,20,0
6568,1984,Graduation,Married,38680,0,36,15,5
3032,1984,Graduation,Married,24570,34,62,11,14
5153,1967,PhD,Married,77766,59,265,115,59
4127,1967,PhD,Married,77766,59,265,115,59
9940,1958,Graduation,Together,64961,114,276,75,124
7527,1968,Master,Divorced,23748,6,29,12,15
3406,1964,Graduation,Single,45989,33,87,28,24
9771,1988,2n Cycle,Single,23331,20,101,24,15
6722,1954,PhD,Married,70421,28,136,75,14
213,1963,PhD,Single,23091,0,11,0,0
8541,1990,2n Cycle,Married,24683,4,10,6,7
8475,1973,PhD,Married,157243,2,1582,1,2
8070,1973,PhD,Married,54222,12,31,3,12
313,1968,Graduation,Widow,73455,61,757,186,163
9757,1972,Graduation,Together,84906,15,414,99,30
2088,1972,Graduation,Together,84906,15,414,99,30
2320,1978,2n Cycle,Married,47025,11,59,23,5
966,1966,Graduation,Married,44529,13,91,17,6
9706,1974,PhD,Single,31560,1,20,4,0
3979,1983,PhD,Divorced,90687,17,672,23,34
5602,1989,PhD,Together,66973,22,432,147,113
2202,1978,Graduation,Together,41154,2,11,2,3
9645,1968,Graduation,Married,64590,138,168,36,46
7230,1960,PhD,Divorced,50611,0,24,6,0
5675,1960,PhD,Divorced,50611,0,24,6,0
4974,1970,Graduation,Single,83273,89,650,16,102
5687,1980,Graduation,Divorced,81702,50,774,28,31
5871,1979,Master,Together,24401,28,217,10,24
3846,1974,Graduation,Married,42557,5,53,0,5
10001,1985,2n Cycle,Together,7500,17,17,13,14
2831,1976,Graduation,Together,78416,38,279,188,38
868,1966,Graduation,Married,44794,0,7,0,0
7212,1966,Graduation,Married,44794,0,7,0,0
1743,1974,Graduation,Single,69719,86,208,177,14
2415,1962,Graduation,Together,62568,17,398,80,35
7947,1969,Graduation,Married,42231,0,8,0,1
2106,1974,2n Cycle,Married,20130,6,3,7,6
3363,1974,2n Cycle,Married,20130,6,3,7,6
8595,1973,Graduation,Widow,42429,0,6,2,0
7232,1973,Graduation,Widow,42429,0,6,2,0
7829,1900,2n Cycle,Divorced,36640,6,8,7,4
9977,1973,Graduation,Divorced,78901,11,309,33,26
10142,1976,PhD,Divorced,66476,18,126,47,48
5263,1977,2n Cycle,Married,31056,10,13,3,8
22,1976,Graduation,Divorced,46310,2,88,15,5
528,1978,Graduation,Married,65819,38,701,149,165
4070,1969,PhD,Married,94871,24,553,188,0
